0,-24.169590026584288,469
1,-44.664414996767896,725
2,147.96431370916662,418
3,120.38841991341995,345
4,56.37408841158836,503
5,141.9527671674731,439
6,167.8741883116883,334
7,523.9093073593073,186
8,-5.223294205794241,565
9,309.01958874458876,276
10,124.94639886257539,453
11,115.823112998113,441
12,155.61984681984683,450
13,146.2916917800869,442
14,245.35198412698415,366
15,71.12988122988136,541
16,479.3309994353472,229
17,81.6958874458874,512
18,98.4233627483627,448
19,289.9679894179894,437
20,424.0015318015319,193
21,616.3354312354313,185
22,468.19670329670333,220
23,540.332683982684,163
24,445.24373567608865,318
25,425.0275443510738,351
26,494.53693528693543,268
27,576.2722222222221,170
28,518.1075757575757,214
29,472.5107142857144,248
30,348.2968614718614,379
31,356.71666666666675,264
32,515.8767857142857,242
33,467.2125596625596,265
34,343.10484607984614,428
35,461.6138528138529,260
36,536.425350140056,215
37,903.1416666666667,207
38,340.7803113553113,307
39,377.5548701298701,298
40,622.3049603174603,217
41,498.6140692640693,230
42,449.7926406926408,224
43,514.0005050505051,301
44,353.34258715422504,491
45,682.3428571428573,195
46,163.49797979797975,378
47,368.01782420478065,264
48,180.92312979418244,389
49,355.87947845805,347
50,251.82867328749683,429
51,210.0010822510822,467
52,530.9456151691447,275
53,335.1055555555555,357
54,320.92444005270085,406
55,538.4909051909051,326
56,556.2988095238095,243
57,725.5872294372294,186
58,343.58264790764787,284
59,424.69563492063486,253
60,401.3401098901099,246
61,325.98095238095254,261
62,485.40543345543347,207
63,360.78461815961816,306
64,381.5519841269841,244
65,253.50033022533017,367
66,172.4379779577148,494
67,360.7719696969696,261
68,362.11208513708505,302
69,207.50039682539682,274
70,464.8457431457431,276
71,474.8969696969696,270
72,260.1544372294373,263
73,671.8234051036682,238
74,440.74492753623196,321
75,363.7336691086691,332
76,383.12107337107346,277
77,524.9666666666668,204
78,591.8030081030079,318
79,298.6681331953071,285
80,344.2859816653935,359
81,410.8988967516833,295
82,398.2978354978355,311
83,378.4839216339217,280
84,480.22598039215694,275
85,459.90299847211617,218
86,193.99383856883856,444
87,443.87422515505676,272
88,307.76349206349204,288
89,500.15860805860797,262
90,412.04255189255184,280
91,515.4643493761141,247
92,426.0619047619048,378
93,509.1630952380952,256
94,357.3248473748475,358
95,312.7415764790765,312
96,480.25737734487734,250
97,499.3591880341879,313
98,520.9591713841714,351
99,629.6316666666664,222
100,466.4429653679653,250
101,221.89765775091865,350
102,447.8071373071373,315
103,522.5405744638504,265
104,612.2840452847807,235
105,494.0958845076492,358
106,661.1342522974101,238
107,354.5265816427583,348
108,841.8171245421246,186
109,327.07725885225886,347
110,344.3129738562092,383
111,383.9579365079366,345
112,328.0312143996355,353
113,96.2543000905904,539
114,384.69686147186144,304
115,323.8580793415765,442
116,394.2030303030303,304
117,422.1998102139407,263
118,527.431746031746,213
119,470.5555555555556,282
120,382.54834054834066,339
121,316.5893047011468,304
122,480.04880952380944,320
123,452.1155273937531,321
124,417.05879120879126,331
125,490.1849206349208,233
126,407.74270647652986,338
127,459.5267752715122,312
128,276.27063492063496,278
129,493.51235708735703,178
130,248.02301587301596,372
131,205.44368131868134,350
132,769.2781746031746,171
133,284.79416433239965,358
134,586.1103132161957,259
135,186.16780904280915,442
136,463.40818588844525,336
137,341.3432484182485,288
138,519.8181929181931,255
139,436.81185115697315,293
140,403.1281551781552,337
141,270.05889610389613,383
142,471.2071886446886,364
143,434.4373015873017,287
144,369.1801587301587,326
145,560.9103174603177,332
146,464.77896825396823,260
147,463.96341991341995,312
148,348.29514652014655,264
149,632.6833333333333,150
150,483.89188736100516,277
151,350.1983291562239,263
152,443.18276532835364,316
153,217.07929125138426,436
154,644.6563427010149,212
155,304.62326839826846,482
156,566.6876373626374,173
157,194.0492784992785,416
158,389.09659197012144,300
159,676.5305555555555,207
160,481.15540293040283,221
161,369.48221925133686,291
162,313.8181013431014,288
163,573.7768943474825,281
164,469.17835775335794,268
165,454.4328529657477,300
166,332.29893162393165,319
167,247.39285714285717,399
168,237.8548872180451,429
169,285.19155156437756,338
170,383.9091575091575,278
171,349.07936507936523,293
172,504.7323593073593,239
173,489.3840195751961,291
174,157.80594274146907,391
175,342.95634920634916,282
176,337.0015887707064,376
177,246.373321661998,475
178,539.3056246385195,414
179,407.4807192807193,293
180,384.6770885547202,269
181,408.1420634920635,287
182,234.29446636696628,402
183,499.30147907647904,296
184,483.65952380952376,189
185,293.03517316017314,398
186,242.03942621705778,387
187,256.2540404040404,370
188,23.44280719280718,502
189,264.3656328320804,568
190,-149.37101981775896,677
191,578.3451982228298,370
192,147.99737762237757,390
193,198.62467809967802,483
194,113.36633865329516,485
195,43.4853344001985,612
196,270.04664659012496,418
197,567.8594322344322,222
198,332.3903554175293,436
199,52.49599844599844,382
200,-115.59877819548873,649
201,23.286912597206683,550
202,245.45027370290524,397
203,164.49150432900439,479
204,167.59576403988183,494
205,162.126456223515,492
206,283.0747113997113,451
207,-85.58251470751472,548
208,140.90044351073757,508
209,193.14958097458106,398
210,66.73260044049522,440
211,30.961333764274897,564
212,151.15318274907222,545
213,-5.324830011749537,539
214,-73.3559842118666,693
215,132.7999166374167,476
216,216.5401785714285,416
217,122.62132936507932,450
218,70.89442951684332,551
219,248.5309068124858,408
220,-29.70173258114437,607
221,15.310117869551826,530
222,237.06742424242427,273
223,402.9186704457804,317
224,-28.942965550581714,574
225,239.28921259899522,453
226,7.816756232273455,515
227,-1.1531770130454326,522
228,-183.62807687705637,668
229,77.20630812601715,611
230,-58.996411133623425,568
231,209.66521936317952,516
232,1.376659451659453,701
233,250.35004668534071,335
234,-113.53685589772545,639
235,364.4563759716986,356
236,98.7720738074186,519
237,-25.285737889186187,608
238,-84.67621143790495,649
239,231.09963369963367,377
240,-222.6797277284119,786
241,-126.12582533751649,626
242,173.5264448514448,417
243,144.52484933367282,455
244,181.37925647455694,573
245,64.1568754774637,597
246,212.37427849927852,422
247,23.02575884899416,582
248,265.56447089947085,448
249,346.0760101010102,340
250,-351.4593175437835,886
251,-87.78093434343435,491
252,66.06115288220559,502
253,363.9372442100383,367
254,142.0489155581261,538
255,96.09446778711488,614
256,95.85206345082509,397
257,22.541383126677285,496
258,-113.69765512265506,609
259,266.90588023088014,466
260,134.44014596514597,479
261,-130.7829039204039,638
262,-92.96012399909455,515
263,72.39137711703499,533
264,11.426368861596924,590
265,162.67736748545568,367
266,458.78207070707066,392
267,281.4436507936508,318
268,-211.22839073969507,764
269,-39.51996177335989,497
270,79.93660130718959,489
271,86.94603174603179,523
272,-309.0778092100484,852
273,134.9800651962417,478
274,104.6843901196843,487
275,-129.2050046467002,731
276,261.0246063877642,444
277,196.8759124933037,437
278,330.33907775231273,588
279,207.59393939393934,385
280,97.87171994671996,497
281,-32.094242299845746,563
282,55.359247099324215,487
283,110.81905594405599,405
284,171.55382372480992,371
285,25.718101343101303,605
286,240.73181818181814,489
287,307.00162615162606,410
288,-83.27402319902318,651
289,234.07994782994783,349
290,197.14642857142854,422
291,30.928930429473915,517
292,23.11517736649321,520
293,-37.12243755463066,459
294,-288.6254253091251,719
295,-150.03891292270515,637
296,-207.13430037704228,765
297,-465.63761909766004,913
298,-286.77720926734077,791
299,123.54613750009284,463
300,24.380304928989183,536
301,195.70457842810782,426
302,116.23556500970304,412
303,-7.445006382506362,576
304,-211.16400488400475,846
305,-251.32878648847208,922
306,-87.80825074048761,610
307,-17.121253483753513,511
308,-747.4752444406489,1117
309,116.73655303030309,539
310,-3.8090326340326293,595
311,-37.725231128520655,626
312,-524.6241038450597,1019
313,-418.60591630591637,795
314,-71.902133618016,567
315,-104.8887643865256,569
316,-164.1858115139075,674
317,-36.07874445815618,608
318,285.36450262700265,347
319,86.38094449410238,477
320,78.89968324159504,599
321,-408.04544943758907,873
322,21.98901098901092,600
323,-321.1094556745174,794
324,75.2969372131137,528
325,-104.1353866163077,582
326,-33.53716665190449,558
327,-132.03836996336983,705
328,-178.534758162984,645
329,-490.9681384256942,1038
330,-54.49645999645999,566
331,-62.78051685616596,530
332,124.04246757788961,477
333,205.65811410811412,403
334,220.22172640516635,412
335,-111.36884784272374,588
336,75.69393384393376,502
337,-283.04522345415194,729
338,101.35874344953285,480
339,-47.10209235209229,555
340,-178.6802874902875,575
341,-186.2152995981001,726
342,-146.92477979536795,689
343,12.145952576834922,607
344,102.57184852184847,440
345,-32.51476240917839,600
346,91.49975390106968,433
347,-12.469871268578203,603
348,141.57403530377675,376
349,26.45541125541122,537
350,-71.88705863926452,634
351,129.88586942929052,588
352,-235.64848139951079,696
353,-185.74961166284695,677
354,-233.68530221734443,706
355,-384.9091957615022,977
356,136.18108900903013,466
357,104.5315390491861,393
358,212.08049189372719,459
359,-487.5136691414917,931
360,-25.863658563658568,541
361,119.86679957469438,465
362,-235.85031183413537,646
363,-264.1153544284847,698
364,-544.8077067572683,945
365,-157.61923507864682,669
366,-268.7997607947608,854
367,-69.08007825537453,516
368,-334.52214319134606,740
369,-384.20686950669096,707
370,86.66035258042606,490
371,-112.12943533075111,582
372,-72.0329737493162,523
373,-141.9811669324828,664
374,-22.88870332565984,579
375,-651.4664293514476,1078
376,51.34025843437609,517
377,-155.0550325397274,735
378,43.38210678210676,506
379,177.21406926406917,519
380,-16.380401761980718,607
381,30.659633542785674,531
382,-421.8197483072483,873
383,-157.56023693287844,608
384,-45.20033855033854,515
385,-88.53929452190323,583
386,-2.3790616246498573,514
387,-171.24496968548692,584
388,-180.69983643807177,579
389,-123.7939094955224,541
390,-69.3304621526677,493
391,-254.25008384861326,748
392,-68.34080854134045,577
393,-249.93681906541372,657
394,-421.5121379550133,894
395,-28.292519955342122,615
396,-146.87556291747467,559
397,-79.61549284049282,673
398,-14.219343668027832,511
399,223.99026143790854,380
400,-264.8415337820844,867
401,-264.06904786737397,797
402,-467.3960383178407,991
403,21.366929194753318,588
404,-176.82260212010206,665
405,-80.79531236737118,537
406,9.673724092121905,528
407,9.551065162907232,525
408,-335.3161399324191,932
409,-158.7328338199469,684
410,197.00324675324666,408
411,-133.27802643680974,839
412,-397.2631944348067,858
413,-49.4108890403008,586
414,52.99093361922629,500
415,-62.54017104899461,666
416,134.88803939050624,427
417,-254.02020854962035,685
418,-384.74419126625,855
419,-115.56636220863844,680
420,29.482373036320446,502
421,-67.65122882912861,527
422,-109.4191614113441,574
423,-249.55756680539966,780
424,239.59432773109236,408
425,1.268360624882348,533
426,-730.6692057528752,1259
427,132.3051383801383,630
428,-281.7719925100739,747
429,-112.82346574993633,634
430,-187.69856452027508,675
431,-259.73886979034035,769
432,-155.9532391484627,695
433,262.43229548229556,409
434,-46.936872557267264,641
435,172.05831890331885,428
436,103.77149604781184,425
437,-466.28630225441543,916
438,-322.2763758903785,854
439,117.82155518773166,445
440,-270.4456411685645,723
441,-527.7175317116814,998
442,-218.55959553518372,702
443,9.34537803112378,544
444,-59.07873376623378,645
445,-88.92796247869776,553
446,94.80583812322948,494
447,-425.26525626281267,821
448,-46.140623265623226,540
449,161.69113035227596,428
450,-251.8831367865851,605
451,4.818316405816407,514
452,109.18706269220978,488
453,18.74302641802639,587
454,-79.20443954287772,553
455,77.29998612498615,460
456,-282.6280466716065,763
457,-723.7591185332703,1074
458,63.64031392584023,541
459,-54.528428215785894,542
460,110.64243943191312,379
461,-186.70176722400402,714
462,-381.49060764538046,934
463,72.29533288349086,477
464,-303.6348005120225,825
465,-103.4215558941965,543
466,179.2174541634835,404
467,130.26212121212114,465
468,11.611510548275305,519
469,22.955578241259573,444
470,-255.1381138469374,735
471,-218.44517427017433,668
472,-22.561114644670045,659
473,-288.26514177278165,846
474,53.61622122148438,542
475,12.926164113664095,496
476,-171.18640285033726,576
477,263.20147075147077,337
478,-125.75882684566893,684
479,-108.39255534255538,635
480,-470.12853782690735,1029
481,-238.1707725514448,730
482,-110.86965751131657,579
483,268.84737076648844,386
484,-140.00904192425932,638
485,-137.64984083059844,688
486,-80.9688168014781,635
487,71.12514447220323,525
488,81.75134310134308,375
489,121.93342972816663,449
490,131.20311997943577,504
491,143.86564407814413,510
492,36.724540201513946,593
493,201.99379231879232,416
494,129.92070707070712,403
495,-135.62281699781698,608
496,-79.17033565061632,655
497,114.30166729405863,464
498,17.046534897850663,584
499,162.34388389388394,375
