0,-2145,715
1,-1710,570
2,-2505,835
3,-2853,951
4,-2118,706
5,-1158,386
6,-1920,640
7,-1602,534
8,-2079,693
9,-1188,396
10,-1845,615
11,-2106,702
12,-1557,519
13,-2268,756
14,-1902,634
15,-1617,539
16,-2085,695
17,-2952,984
18,-1779,593
19,-2472,824
20,-2532,844
21,-2487,829
22,-3234,1078
23,-1059,353
24,-1410,470
25,-2331,777
26,-3030,1010
27,-2208,736
28,-2166,722
29,-2670,890
30,-2190,730
31,-1581,527
32,-1965,655
33,-1386,462
34,-1911,637
35,-2901,967
36,-1698,566
37,-1695,565
38,-2055,685
39,-1698,566
40,-1989,663
41,-1896,632
42,-1947,649
43,-1815,605
44,-3327,1109
45,-2802,934
46,-1101,367
47,-2259,753
48,-1581,527
49,-1755,585
50,-1461,487
51,-816,272
52,-1722,574
53,-1536,512
54,-2049,683
55,-1467,489
56,-1500,500
57,-1833,611
58,-2190,730
59,-2343,781
60,-1086,362
61,-2079,693
62,-1947,649
63,-1083,361
64,-948,316
65,-1770,590
66,-2430,810
67,-3216,1072
68,-2094,698
69,-1992,664
70,-1506,502
71,-2337,779
72,-1155,385
73,-1419,473
74,-1605,535
75,-1932,644
76,-1182,394
77,-2922,974
78,-2301,767
79,-2325,775
80,-1749,583
81,-1185,395
82,-2103,701
83,-1788,596
84,-1194,398
85,-1530,510
86,-1797,599
87,-1827,609
88,-1749,583
89,-1551,517
90,-2652,884
91,-1737,579
92,-1779,593
93,-1290,430
94,-2910,970
95,-2232,744
96,-1686,562
97,-2271,757
98,-3525,1175
99,-2772,924
100,-936,312
101,-2349,783
102,-1401,467
103,-2421,807
104,-1875,625
105,-1314,438
106,-1986,662
107,-2040,680
108,-1929,643
109,-1506,502
110,-1656,552
111,-1719,573
112,-2406,802
113,-1860,620
114,-1911,637
115,-1848,616
116,-2415,805
117,-1641,547
118,-2427,809
119,-1245,415
120,-1308,436
121,-1647,549
122,-2538,846
123,-1383,461
124,-2217,739
125,-2148,716
126,-2337,779
127,-1920,640
128,-978,326
129,-2358,786
130,-1596,532
131,-2664,888
132,-3156,1052
133,-1920,640
134,-2541,847
135,-1641,547
136,-1062,354
137,-3114,1038
138,-1503,501
139,-1614,538
140,-2106,702
141,-1839,613
142,-1050,350
143,-1263,421
144,-1440,480
145,-1836,612
146,-2601,867
147,-1824,608
148,-1215,405
149,-1998,666
150,-1545,515
151,-2697,899
152,-2748,916
153,-1533,511
154,-1590,530
155,-1863,621
156,-2091,697
157,-1425,475
158,-1221,407
159,-1215,405
160,-1761,587
161,-1683,561
162,-2508,836
163,-1356,452
164,-2412,804
165,-1755,585
166,-1899,633
167,-1206,402
168,-2454,818
169,-1467,489
170,-1452,484
171,-3438,1146
172,-1863,621
173,-2196,732
174,-2544,848
175,-915,305
176,-2436,812
177,-2106,702
178,-1461,487
179,-1038,346
180,-1413,471
181,-2634,878
182,-2583,861
183,-1404,468
184,-2184,728
185,-1728,576
186,-1050,350
187,-1149,383
188,-1179,393
189,-1512,504
190,-1770,590
191,-1212,404
192,-2178,726
193,-1410,470
194,-1284,428
195,-1863,621
196,-1707,569
197,-1350,450
198,-1392,464
199,-1560,520
200,-1305,435
201,-1056,352
202,-1728,576
203,-1218,406
204,-1797,599
205,-1242,414
206,-1725,575
207,-1632,544
208,-1545,515
209,-1773,591
210,-1560,520
211,-2637,879
212,-1122,374
213,-1938,646
214,-1986,662
215,-1428,476
216,-2169,723
217,-1281,427
218,-1278,426
219,-1521,507
220,-1548,516
221,-2190,730
222,-1785,595
223,-1563,521
224,-1707,569
225,-1653,551
226,-1884,628
227,-1170,390
228,-1365,455
229,-1170,390
230,-1776,592
231,-1389,463
232,-1383,461
233,-993,331
234,-1131,377
235,-984,328
236,-966,322
237,-1116,372
238,-1428,476
239,-612,204
240,-891,297
241,-1287,429
242,-1041,347
243,-1056,352
244,-1059,353
245,-1161,387
246,-738,246
247,-1149,383
248,-840,280
249,-792,264
250,-1422,474
251,-1026,342
252,-1959,653
253,-1059,353
254,-1026,342
255,-1176,392
256,-1230,410
257,-975,325
258,-1065,355
259,-420,140
260,-1533,511
261,-1395,465
262,-1551,517
263,-1293,431
264,-978,326
265,-1041,347
266,-1230,410
267,-957,319
268,-1629,543
269,-1059,353
270,-912,304
271,-2064,688
272,-1089,363
273,-1107,369
274,-933,311
275,-1752,584
276,-1074,358
277,-1086,362
278,-1035,345
279,-963,321
280,-1458,486
281,-1380,460
282,-867,289
283,-1626,542
284,-1614,538
285,-1146,382
286,-1446,482
287,-1044,348
288,-1155,385
289,-1212,404
290,-1011,337
291,-1899,633
292,-1350,450
293,-954,318
294,-1116,372
295,-1530,510
296,-984,328
297,-1356,452
298,-570,190
299,-717,239
300,-1278,426
301,-1266,422
302,-1113,371
303,-960,320
304,-1425,475
305,-1143,381
306,-1278,426
307,-1263,421
308,-1083,361
309,-1278,426
310,-960,320
311,-651,217
312,-966,322
313,-1467,489
314,-1131,377
315,-957,319
316,-855,285
317,-891,297
318,-1197,399
319,-1368,456
320,-813,271
321,-1188,396
322,-669,223
323,-1203,401
324,-615,205
325,-1164,388
326,-1578,526
327,-1629,543
328,-1038,346
329,-1242,414
330,-777,259
331,-996,332
332,-1506,502
333,-684,228
334,-825,275
335,-1125,375
336,-1536,512
337,-729,243
338,-1146,382
339,-1335,445
340,-1164,388
341,-1359,453
342,-1209,403
343,-774,258
344,-1392,464
345,-960,320
346,-1320,440
347,-1026,342
348,-1056,352
349,-885,295
350,-1950,650
351,-1521,507
352,-957,319
353,-951,317
354,-1263,421
355,-1341,447
356,-1266,422
357,-1224,408
358,-1320,440
359,-1437,479
360,-783,261
361,-1251,417
362,-927,309
363,-1491,497
364,-1278,426
365,-999,333
366,-1944,648
367,-663,221
368,-972,324
369,-849,283
370,-951,317
371,-669,223
372,-894,298
373,-1179,393
374,-810,270
375,-750,250
376,-741,247
377,-864,288
378,-1137,379
379,-1170,390
380,-744,248
381,-996,332
382,-1038,346
383,-1245,415
384,-759,253
385,-1953,651
386,-756,252
387,-657,219
388,-846,282
389,-1440,480
390,-1188,396
391,-1050,350
392,-1065,355
393,-891,297
394,-1224,408
395,-1398,466
396,-978,326
397,-831,277
398,-1044,348
399,-1467,489
400,-1074,358
401,-1155,385
402,-813,271
403,-618,206
404,-1524,508
405,-1128,376
406,-1047,349
407,-1329,443
408,-1491,497
409,-1287,429
410,-894,298
411,-1068,356
412,-1416,472
413,-1701,567
414,-891,297
415,-615,205
416,-1080,360
417,-717,239
418,-1497,499
419,-894,298
420,-1488,496
421,-834,278
422,-1314,438
423,-1161,387
424,-1044,348
425,-1290,430
426,-1071,357
427,-738,246
428,-1149,383
429,-1437,479
430,-1119,373
431,-780,260
432,-1317,439
433,-1176,392
434,-1047,349
435,-969,323
436,-867,289
437,-1008,336
438,-462,154
439,-579,193
440,-1098,366
441,-1008,336
442,-735,245
443,-1239,413
444,-1434,478
445,-942,314
446,-1404,468
447,-1677,559
448,-1419,473
449,-582,194
450,-879,293
451,-1653,551
452,-777,259
453,-984,328
454,-948,316
455,-1275,425
456,-1248,416
457,-717,239
458,-948,316
459,-1488,496
460,-1059,353
461,-1248,416
462,-828,276
463,-1053,351
464,-1155,385
465,-1341,447
466,-909,303
467,-996,332
468,-876,292
469,-927,309
470,-1446,482
471,-801,267
472,-1326,442
473,-1344,448
474,-915,305
475,-1878,626
476,-1245,415
477,-1242,414
478,-588,196
479,-903,301
480,-654,218
481,-1029,343
482,-1356,452
483,-834,278
484,-591,197
485,-870,290
486,-873,291
487,-861,287
488,-1179,393
489,-1557,519
490,-1551,517
491,-540,180
492,-2100,700
493,-726,242
494,-1239,413
495,-897,299
496,-1593,531
497,-1143,381
498,-915,305
499,-1452,484