0,-1992,664
1,-1944,648
2,-1836,612
3,-1068,356
4,-906,302
5,-1932,644
6,-2766,922
7,-1338,446
8,-2190,730
9,-2517,839
10,-1995,665
11,-1326,442
12,-2784,928
13,-1308,436
14,-1608,536
15,-1785,595
16,-1566,522
17,-1452,484
18,-1455,485
19,-1602,534
20,-1836,612
21,-1974,658
22,-1116,372
23,-1959,653
24,-1560,520
25,-1764,588
26,-1641,547
27,-1077,359
28,-1239,413
29,-1410,470
30,-1332,444
31,-1527,509
32,-1224,408
33,-1185,395
34,-1098,366
35,-1503,501
36,-2166,722
37,-1122,374
38,-1356,452
39,-1503,501
40,-1290,430
41,-1269,423
42,-1194,398
43,-1314,438
44,-1353,451
45,-1695,565
46,-1491,497
47,-1683,561
48,-1527,509
49,-1497,499
50,-1476,492
51,-1575,525
52,-1632,544
53,-1446,482
54,-1494,498
55,-999,333
56,-1182,394
57,-1218,406
58,-1413,471
59,-1245,415
60,-1599,533
61,-1809,603
62,-1338,446
63,-1878,626
64,-1170,390
65,-1527,509
66,-993,331
67,-1239,413
68,-1188,396
69,-1224,408
70,-1137,379
71,-1008,336
72,-1440,480
73,-1662,554
74,-1791,597
75,-1104,368
76,-1425,475
77,-1458,486
78,-1203,401
79,-1053,351
80,-1176,392
81,-1308,436
82,-1749,583
83,-1065,355
84,-639,213
85,-1320,440
86,-1389,463
87,-1257,419
88,-1383,461
89,-1230,410
90,-1497,499
91,-1089,363
92,-1095,365
93,-1395,465
94,-900,300
95,-1134,378
96,-1017,339
97,-828,276
98,-804,268
99,-963,321
100,-1071,357
101,-1044,348
102,-726,242
103,-1467,489
104,-1359,453
105,-1467,489
106,-1386,462
107,-882,294
108,-1326,442
109,-870,290
110,-1272,424
111,-1104,368
112,-918,306
113,-810,270
114,-1017,339
115,-933,311
116,-1233,411
117,-1110,370
118,-1029,343
119,-870,290
120,-1503,501
121,-1233,411
122,-1059,353
123,-1248,416
124,-1062,354
125,-963,321
126,-1230,410
127,-1350,450
128,-744,248
129,-1014,338
130,-1203,401
131,-1077,359
132,-1287,429
133,-1179,393
134,-963,321
135,-1413,471
136,-1278,426
137,-1077,359
138,-858,286
139,-1095,365
140,-798,266
141,-1044,348
142,-1131,377
143,-1140,380
144,-1251,417
145,-1242,414
146,-1377,459
147,-1086,362
148,-912,304
149,-1335,445
150,-1317,439
151,-876,292
152,-1191,397
153,-1275,425
154,-948,316
155,-1110,370
156,-936,312
157,-561,187
158,-1041,347
159,-801,267
160,-903,301
161,-1359,453
162,-1275,425
163,-1236,412
164,-918,306
165,-1173,391
166,-891,297
167,-1110,370
168,-858,286
169,-1008,336
170,-1224,408
171,-960,320
172,-1098,366
173,-1137,379
174,-954,318
175,-903,301
176,-762,254
177,-747,249
178,-1497,499
179,-723,241
180,-1011,337
181,-825,275
182,-768,256
183,-1194,398
184,-1332,444
185,-1239,413
186,-744,248
187,-1050,350
188,-891,297
189,-1365,455
190,-1122,374
191,-1230,410
192,-924,308
193,-678,226
194,-783,261
195,-1239,413
196,-663,221
197,-1140,380
198,-1251,417
199,-1416,472
200,-1053,351
201,-1059,353
202,-1389,463
203,-1392,464
204,-1173,391
205,-1215,405
206,-975,325
207,-1356,452
208,-1152,384
209,-1008,336
210,-1062,354
211,-1344,448
212,-705,235
213,-951,317
214,-1182,394
215,-1185,395
216,-762,254
217,-1317,439
218,-804,268
219,-1098,366
220,-1395,465
221,-747,249
222,-711,237
223,-1056,352
224,-939,313
225,-1218,406
226,-1335,445
227,-1212,404
228,-1104,368
229,-1155,385
230,-981,327
231,-1248,416
232,-1095,365
233,-624,208
234,-984,328
235,-1134,378
236,-1191,397
237,-1212,404
238,-912,304
239,-939,313
240,-1188,396
241,-1407,469
242,-828,276
243,-1008,336
244,-951,317
245,-816,272
246,-1185,395
247,-681,227
248,-1266,422
249,-1329,443
250,-951,317
251,-963,321
252,-1119,373
253,-1164,388
254,-1332,444
255,-1143,381
256,-1449,483
257,-1332,444
258,-1176,392
259,-657,219
260,-1203,401
261,-1470,490
262,-933,311
263,-708,236
264,-1029,343
265,-924,308
266,-729,243
267,-1056,352
268,-678,226
269,-1272,424
270,-1374,458
271,-1317,439
272,-987,329
273,-1383,461
274,-957,319
275,-858,286
276,-630,210
277,-1530,510
278,-609,203
279,-1155,385
280,-579,193
281,-1377,459
282,-813,271
283,-696,232
284,-795,265
285,-720,240
286,-1647,549
287,-471,157
288,-1218,406
289,-762,254
290,-1083,361
291,-1287,429
292,-801,267
293,-678,226
294,-1398,466
295,-744,248
296,-624,208
297,-582,194
298,-1092,364
299,-861,287
300,-1083,361
301,-972,324
302,-741,247
303,-846,282
304,-1056,352
305,-735,245
306,-1323,441
307,-762,254
308,-933,311
309,-1020,340
310,-1149,383
311,-1272,424
312,-828,276
313,-792,264
314,-1182,394
315,-795,265
316,-960,320
317,-783,261
318,-849,283
319,-1461,487
320,-681,227
321,-807,269
322,-1263,421
323,-876,292
324,-1179,393
325,-1170,390
326,-900,300
327,-972,324
328,-660,220
329,-1305,435
330,-993,331
331,-1308,436
332,-705,235
333,-1008,336
334,-711,237
335,-654,218
336,-1068,356
337,-978,326
338,-1209,403
339,-960,320
340,-708,236
341,-1191,397
342,-1317,439
343,-804,268
344,-1278,426
345,-807,269
346,-1371,457
347,-1005,335
348,-924,308
349,-843,281
350,-1011,337
351,-972,324
352,-873,291
353,-735,245
354,-738,246
355,-1323,441
356,-930,310
357,-975,325
358,-1134,378
359,-1230,410
360,-1275,425
361,-1203,401
362,-1428,476
363,-1155,385
364,-615,205
365,-1254,418
366,-813,271
367,-801,267
368,-591,197
369,-936,312
370,-1083,361
371,-1404,468
372,-879,293
373,-789,263
374,-1299,433
375,-1104,368
376,-1203,401
377,-1089,363
378,-843,281
379,-864,288
380,-870,290
381,-1245,415
382,-1062,354
383,-1377,459
384,-1059,353
385,-891,297
386,-1113,371
387,-1080,360
388,-1017,339
389,-1272,424
390,-918,306
391,-1311,437
392,-804,268
393,-807,269
394,-906,302
395,-1587,529
396,-642,214
397,-1329,443
398,-756,252
399,-1044,348
400,-639,213
401,-1179,393
402,-1464,488
403,-516,172
404,-1113,371
405,-1053,351
406,-924,308
407,-1383,461
408,-807,269
409,-1290,430
410,-1080,360
411,-1170,390
412,-1377,459
413,-1464,488
414,-1407,469
415,-858,286
416,-1386,462
417,-1413,471
418,-744,248
419,-1284,428
420,-1467,489
421,-984,328
422,-744,248
423,-882,294
424,-852,284
425,-1638,546
426,-1341,447
427,-1305,435
428,-882,294
429,-1257,419
430,-891,297
431,-1065,355
432,-594,198
433,-780,260
434,-972,324
435,-843,281
436,-852,284
437,-1203,401
438,-1341,447
439,-1440,480
440,-1020,340
441,-1020,340
442,-978,326
443,-534,178
444,-906,302
445,-1164,388
446,-804,268
447,-729,243
448,-1593,531
449,-1179,393
450,-744,248
451,-882,294
452,-1089,363
453,-1443,481
454,-888,296
455,-546,182
456,-1029,343
457,-846,282
458,-735,245
459,-843,281
460,-945,315
461,-957,319
462,-849,283
463,-1104,368
464,-645,215
465,-1023,341
466,-837,279
467,-846,282
468,-732,244
469,-1176,392
470,-1110,370
471,-630,210
472,-1149,383
473,-624,208
474,-1050,350
475,-570,190
476,-855,285
477,-1371,457
478,-1212,404
479,-1083,361
480,-951,317
481,-1086,362
482,-1539,513
483,-1146,382
484,-1044,348
485,-1101,367
486,-1296,432
487,-876,292
488,-1257,419
489,-990,330
490,-1572,524
491,-879,293
492,-990,330
493,-1410,470
494,-1134,378
495,-1311,437
496,-444,148
497,-993,331
498,-1122,374
499,-1053,351
0,-2145,715
1,-1710,570
2,-2505,835
3,-2853,951
4,-2118,706
5,-1158,386
6,-1920,640
7,-1602,534
8,-2079,693
9,-1188,396
10,-1845,615
11,-2106,702
12,-1557,519
13,-2268,756
14,-1902,634
15,-1617,539
16,-2085,695
17,-2952,984
18,-1779,593
19,-2472,824
20,-2532,844
21,-2487,829
22,-3234,1078
23,-1059,353
24,-1410,470
25,-2331,777
26,-3030,1010
27,-2208,736
28,-2166,722
29,-2670,890
30,-2190,730
31,-1581,527
32,-1965,655
33,-1386,462
34,-1911,637
35,-2901,967
36,-1698,566
37,-1695,565
38,-2055,685
39,-1698,566
40,-1989,663
41,-1896,632
42,-1947,649
43,-1815,605
44,-3327,1109
45,-2802,934
46,-1101,367
47,-2259,753
48,-1581,527
49,-1755,585
50,-1461,487
51,-816,272
52,-1722,574
53,-1536,512
54,-2049,683
55,-1467,489
56,-1500,500
57,-1833,611
58,-2190,730
59,-2343,781
60,-1086,362
61,-2079,693
62,-1947,649
63,-1083,361
64,-948,316
65,-1770,590
66,-2430,810
67,-3216,1072
68,-2094,698
69,-1992,664
70,-1506,502
71,-2337,779
72,-1155,385
73,-1419,473
74,-1605,535
75,-1932,644
76,-1182,394
77,-2922,974
78,-2301,767
79,-2325,775
80,-1749,583
81,-1185,395
82,-2103,701
83,-1788,596
84,-1194,398
85,-1530,510
86,-1797,599
87,-1827,609
88,-1749,583
89,-1551,517
90,-2652,884
91,-1737,579
92,-1779,593
93,-1290,430
94,-2910,970
95,-2232,744
96,-1686,562
97,-2271,757
98,-3525,1175
99,-2772,924
100,-936,312
101,-2349,783
102,-1401,467
103,-2421,807
104,-1875,625
105,-1314,438
106,-1986,662
107,-2040,680
108,-1929,643
109,-1506,502
110,-1656,552
111,-1719,573
112,-2406,802
113,-1860,620
114,-1911,637
115,-1848,616
116,-2415,805
117,-1641,547
118,-2427,809
119,-1245,415
120,-1308,436
121,-1647,549
122,-2538,846
123,-1383,461
124,-2217,739
125,-2148,716
126,-2337,779
127,-1920,640
128,-978,326
129,-2358,786
130,-1596,532
131,-2664,888
132,-3156,1052
133,-1920,640
134,-2541,847
135,-1641,547
136,-1062,354
137,-3114,1038
138,-1503,501
139,-1614,538
140,-2106,702
141,-1839,613
142,-1050,350
143,-1263,421
144,-1440,480
145,-1836,612
146,-2601,867
147,-1824,608
148,-1215,405
149,-1998,666
150,-1545,515
151,-2697,899
152,-2748,916
153,-1533,511
154,-1590,530
155,-1863,621
156,-2091,697
157,-1425,475
158,-1221,407
159,-1215,405
160,-1761,587
161,-1683,561
162,-2508,836
163,-1356,452
164,-2412,804
165,-1755,585
166,-1899,633
167,-1206,402
168,-2454,818
169,-1467,489
170,-1452,484
171,-3438,1146
172,-1863,621
173,-2196,732
174,-2544,848
175,-915,305
176,-2436,812
177,-2106,702
178,-1461,487
179,-1038,346
180,-1413,471
181,-2634,878
182,-2583,861
183,-1404,468
184,-2184,728
185,-1728,576
186,-1050,350
187,-1149,383
188,-1179,393
189,-1512,504
190,-1770,590
191,-1212,404
192,-2178,726
193,-1410,470
194,-1284,428
195,-1863,621
196,-1707,569
197,-1350,450
198,-1392,464
199,-1560,520
200,-1305,435
201,-1056,352
202,-1728,576
203,-1218,406
204,-1797,599
205,-1242,414
206,-1725,575
207,-1632,544
208,-1545,515
209,-1773,591
210,-1560,520
211,-2637,879
212,-1122,374
213,-1938,646
214,-1986,662
215,-1428,476
216,-2169,723
217,-1281,427
218,-1278,426
219,-1521,507
220,-1548,516
221,-2190,730
222,-1785,595
223,-1563,521
224,-1707,569
225,-1653,551
226,-1884,628
227,-1170,390
228,-1365,455
229,-1170,390
230,-1776,592
231,-1389,463
232,-1383,461
233,-993,331
234,-1131,377
235,-984,328
236,-966,322
237,-1116,372
238,-1428,476
239,-612,204
240,-891,297
241,-1287,429
242,-1041,347
243,-1056,352
244,-1059,353
245,-1161,387
246,-738,246
247,-1149,383
248,-840,280
249,-792,264
250,-1422,474
251,-1026,342
252,-1959,653
253,-1059,353
254,-1026,342
255,-1176,392
256,-1230,410
257,-975,325
258,-1065,355
259,-420,140
260,-1533,511
261,-1395,465
262,-1551,517
263,-1293,431
264,-978,326
265,-1041,347
266,-1230,410
267,-957,319
268,-1629,543
269,-1059,353
270,-912,304
271,-2064,688
272,-1089,363
273,-1107,369
274,-933,311
275,-1752,584
276,-1074,358
277,-1086,362
278,-1035,345
279,-963,321
280,-1458,486
281,-1380,460
282,-867,289
283,-1626,542
284,-1614,538
285,-1146,382
286,-1446,482
287,-1044,348
288,-1155,385
289,-1212,404
290,-1011,337
291,-1899,633
292,-1350,450
293,-954,318
294,-1116,372
295,-1530,510
296,-984,328
297,-1356,452
298,-570,190
299,-717,239
300,-1278,426
301,-1266,422
302,-1113,371
303,-960,320
304,-1425,475
305,-1143,381
306,-1278,426
307,-1263,421
308,-1083,361
309,-1278,426
310,-960,320
311,-651,217
312,-966,322
313,-1467,489
314,-1131,377
315,-957,319
316,-855,285
317,-891,297
318,-1197,399
319,-1368,456
320,-813,271
321,-1188,396
322,-669,223
323,-1203,401
324,-615,205
325,-1164,388
326,-1578,526
327,-1629,543
328,-1038,346
329,-1242,414
330,-777,259
331,-996,332
332,-1506,502
333,-684,228
334,-825,275
335,-1125,375
336,-1536,512
337,-729,243
338,-1146,382
339,-1335,445
340,-1164,388
341,-1359,453
342,-1209,403
343,-774,258
344,-1392,464
345,-960,320
346,-1320,440
347,-1026,342
348,-1056,352
349,-885,295
350,-1950,650
351,-1521,507
352,-957,319
353,-951,317
354,-1263,421
355,-1341,447
356,-1266,422
357,-1224,408
358,-1320,440
359,-1437,479
360,-783,261
361,-1251,417
362,-927,309
363,-1491,497
364,-1278,426
365,-999,333
366,-1944,648
367,-663,221
368,-972,324
369,-849,283
370,-951,317
371,-669,223
372,-894,298
373,-1179,393
374,-810,270
375,-750,250
376,-741,247
377,-864,288
378,-1137,379
379,-1170,390
380,-744,248
381,-996,332
382,-1038,346
383,-1245,415
384,-759,253
385,-1953,651
386,-756,252
387,-657,219
388,-846,282
389,-1440,480
390,-1188,396
391,-1050,350
392,-1065,355
393,-891,297
394,-1224,408
395,-1398,466
396,-978,326
397,-831,277
398,-1044,348
399,-1467,489
400,-1074,358
401,-1155,385
402,-813,271
403,-618,206
404,-1524,508
405,-1128,376
406,-1047,349
407,-1329,443
408,-1491,497
409,-1287,429
410,-894,298
411,-1068,356
412,-1416,472
413,-1701,567
414,-891,297
415,-615,205
416,-1080,360
417,-717,239
418,-1497,499
419,-894,298
420,-1488,496
421,-834,278
422,-1314,438
423,-1161,387
424,-1044,348
425,-1290,430
426,-1071,357
427,-738,246
428,-1149,383
429,-1437,479
430,-1119,373
431,-780,260
432,-1317,439
433,-1176,392
434,-1047,349
435,-969,323
436,-867,289
437,-1008,336
438,-462,154
439,-579,193
440,-1098,366
441,-1008,336
442,-735,245
443,-1239,413
444,-1434,478
445,-942,314
446,-1404,468
447,-1677,559
448,-1419,473
449,-582,194
450,-879,293
451,-1653,551
452,-777,259
453,-984,328
454,-948,316
455,-1275,425
456,-1248,416
457,-717,239
458,-948,316
459,-1488,496
460,-1059,353
461,-1248,416
462,-828,276
463,-1053,351
464,-1155,385
465,-1341,447
466,-909,303
467,-996,332
468,-876,292
469,-927,309
470,-1446,482
471,-801,267
472,-1326,442
473,-1344,448
474,-915,305
475,-1878,626
476,-1245,415
477,-1242,414
478,-588,196
479,-903,301
480,-654,218
481,-1029,343
482,-1356,452
483,-834,278
484,-591,197
485,-870,290
486,-873,291
487,-861,287
488,-1179,393
489,-1557,519
490,-1551,517
491,-540,180
492,-2100,700
493,-726,242
494,-1239,413
495,-897,299
496,-1593,531
497,-1143,381
498,-915,305
499,-1452,484
0,-2697,899
1,-1740,580
2,-1104,368
3,-1668,556
4,-1596,532
5,-1530,510
6,-2340,780
7,-1590,530
8,-2916,972
9,-1626,542
10,-1365,455
11,-2394,798
12,-1161,387
13,-1599,533
14,-1311,437
15,-2400,800
16,-1833,611
17,-1506,502
18,-1251,417
19,-1341,447
20,-1497,499
21,-1272,424
22,-1206,402
23,-1056,352
24,-1725,575
25,-1992,664
26,-2058,686
27,-1110,370
28,-1392,464
29,-1710,570
30,-1812,604
31,-1320,440
32,-1701,567
33,-1887,629
34,-2058,686
35,-1008,336
36,-1251,417
37,-1671,557
38,-2097,699
39,-1488,496
40,-1578,526
41,-1320,440
42,-1716,572
43,-2250,750
44,-1233,411
45,-1239,413
46,-1734,578
47,-1935,645
48,-1755,585
49,-1737,579
50,-1707,569
51,-1170,390
52,-1203,401
53,-1482,494
54,-1950,650
55,-2043,681
56,-2124,708
57,-1953,651
58,-1239,413
59,-2568,856
60,-1683,561
61,-2013,671
62,-1905,635
63,-1722,574
64,-891,297
65,-1515,505
66,-1371,457
67,-1032,344
68,-1761,587
69,-1245,415
70,-1581,527
71,-1011,337
72,-1317,439
73,-1899,633
74,-2001,667
75,-999,333
76,-1416,472
77,-1419,473
78,-1191,397
79,-828,276
80,-1812,604
81,-1554,518
82,-1698,566
83,-1347,449
84,-900,300
85,-1407,469
86,-1485,495
87,-1329,443
88,-1356,452
89,-1608,536
90,-1626,542
91,-1629,543
92,-1785,595
93,-1266,422
94,-1191,397
95,-1926,642
96,-1353,451
97,-1170,390
98,-1284,428
99,-1308,436
100,-1410,470
101,-948,316
102,-1308,436
103,-1911,637
104,-1437,479
105,-1533,511
106,-1335,445
107,-1371,457
108,-1125,375
109,-1236,412
110,-1491,497
111,-990,330
112,-1605,535
113,-1539,513
114,-1557,519
115,-2007,669
116,-1842,614
117,-1713,571
118,-1863,621
119,-1269,423
120,-1680,560
121,-1716,572
122,-1200,400
123,-891,297
124,-1164,388
125,-1257,419
126,-1173,391
127,-1563,521
128,-1326,442
129,-1329,443
130,-1104,368
131,-951,317
132,-1263,421
133,-1416,472
134,-1167,389
135,-1449,483
136,-1149,383
137,-918,306
138,-1512,504
139,-1047,349
140,-1293,431
141,-1782,594
142,-1365,455
143,-1365,455
144,-1173,391
145,-732,244
146,-1062,354
147,-1293,431
148,-1632,544
149,-1230,410
150,-1389,463
151,-1041,347
152,-1191,397
153,-1221,407
154,-1296,432
155,-1572,524
156,-714,238
157,-1500,500
158,-1026,342
159,-1500,500
160,-1404,468
161,-1611,537
162,-1224,408
163,-1596,532
164,-1392,464
165,-939,313
166,-756,252
167,-1128,376
168,-1563,521
169,-1518,506
170,-1437,479
171,-1242,414
172,-675,225
173,-1548,516
174,-1137,379
175,-1281,427
176,-792,264
177,-990,330
178,-1308,436
179,-1035,345
180,-690,230
181,-1029,343
182,-1104,368
183,-1197,399
184,-1053,351
185,-972,324
186,-930,310
187,-1065,355
188,-753,251
189,-1308,436
190,-1446,482
191,-732,244
192,-597,199
193,-1017,339
194,-1638,546
195,-1233,411
196,-978,326
197,-867,289
198,-1326,442
199,-1515,505
200,-1440,480
201,-1206,402
202,-1011,337
203,-735,245
204,-975,325
205,-954,318
206,-855,285
207,-1002,334
208,-1035,345
209,-1380,460
210,-558,186
211,-1254,418
212,-1251,417
213,-1398,466
214,-1431,477
215,-1221,407
216,-765,255
217,-1284,428
218,-936,312
219,-1140,380
220,-822,274
221,-1110,370
222,-816,272
223,-1098,366
224,-960,320
225,-1020,340
226,-1074,358
227,-618,206
228,-1281,427
229,-1068,356
230,-1002,334
231,-804,268
232,-888,296
233,-1020,340
234,-552,184
235,-861,287
236,-1416,472
237,-1332,444
238,-1212,404
239,-606,202
240,-792,264
241,-1002,334
242,-711,237
243,-999,333
244,-1116,372
245,-804,268
246,-1356,452
247,-1008,336
248,-963,321
249,-717,239
250,-531,177
251,-1074,358
252,-639,213
253,-729,243
254,-1179,393
255,-1326,442
256,-1419,473
257,-723,241
258,-786,262
259,-1122,374
260,-1011,337
261,-882,294
262,-1221,407
263,-1404,468
264,-768,256
265,-1092,364
266,-732,244
267,-819,273
268,-663,221
269,-1185,395
270,-741,247
271,-1113,371
272,-744,248
273,-1176,392
274,-1179,393
275,-1272,424
276,-1218,406
277,-1323,441
278,-858,286
279,-1113,371
280,-1185,395
281,-951,317
282,-1335,445
283,-1137,379
284,-873,291
285,-1056,352
286,-978,326
287,-1560,520
288,-978,326
289,-1443,481
290,-1362,454
291,-966,322
292,-705,235
293,-1164,388
294,-630,210
295,-942,314
296,-1218,406
297,-1173,391
298,-1113,371
299,-1074,358
300,-1182,394
301,-729,243
302,-1068,356
303,-1392,464
304,-732,244
305,-1308,436
306,-1290,430
307,-1146,382
308,-885,295
309,-789,263
310,-615,205
311,-792,264
312,-1098,366
313,-969,323
314,-930,310
315,-1143,381
316,-939,313
317,-1275,425
318,-1422,474
319,-1071,357
320,-1428,476
321,-1443,481
322,-939,313
323,-996,332
324,-1017,339
325,-762,254
326,-1011,337
327,-1497,499
328,-1077,359
329,-1134,378
330,-813,271
331,-786,262
332,-738,246
333,-1149,383
334,-1230,410
335,-894,298
336,-1107,369
337,-1119,373
338,-1260,420
339,-903,301
340,-660,220
341,-849,283
342,-1206,402
343,-519,173
344,-1212,404
345,-1155,385
346,-876,292
347,-651,217
348,-1242,414
349,-1032,344
350,-735,245
351,-705,235
352,-1089,363
353,-774,258
354,-1425,475
355,-768,256
356,-1089,363
357,-711,237
358,-717,239
359,-627,209
360,-1008,336
361,-744,248
362,-990,330
363,-714,238
364,-1053,351
365,-699,233
366,-909,303
367,-1029,343
368,-768,256
369,-1143,381
370,-648,216
371,-849,283
372,-906,302
373,-1347,449
374,-783,261
375,-672,224
376,-837,279
377,-774,258
378,-771,257
379,-837,279
380,-1086,362
381,-1200,400
382,-630,210
383,-1035,345
384,-762,254
385,-867,289
386,-873,291
387,-702,234
388,-1551,517
389,-570,190
390,-783,261
391,-1056,352
392,-1128,376
393,-585,195
394,-1125,375
395,-1215,405
396,-777,259
397,-912,304
398,-789,263
399,-1233,411
400,-648,216
401,-1260,420
402,-1152,384
403,-954,318
404,-543,181
405,-684,228
406,-741,247
407,-1710,570
408,-984,328
409,-933,311
410,-525,175
411,-816,272
412,-747,249
413,-1161,387
414,-1107,369
415,-849,283
416,-777,259
417,-573,191
418,-600,200
419,-669,223
420,-825,275
421,-927,309
422,-867,289
423,-912,304
424,-495,165
425,-696,232
426,-1116,372
427,-1260,420
428,-933,311
429,-768,256
430,-1128,376
431,-834,278
432,-1260,420
433,-1149,383
434,-792,264
435,-930,310
436,-906,302
437,-1257,419
438,-1266,422
439,-1263,421
440,-1341,447
441,-780,260
442,-1014,338
443,-1092,364
444,-1086,362
445,-981,327
446,-876,292
447,-1473,491
448,-1122,374
449,-681,227
450,-843,281
451,-981,327
452,-1077,359
453,-897,299
454,-1017,339
455,-1059,353
456,-840,280
457,-1323,441
458,-1407,469
459,-798,266
460,-1113,371
461,-963,321
462,-786,262
463,-987,329
464,-759,253
465,-1167,389
466,-1101,367
467,-1158,386
468,-876,292
469,-936,312
470,-1356,452
471,-1203,401
472,-1110,370
473,-1323,441
474,-1197,399
475,-918,306
476,-1065,355
477,-960,320
478,-1323,441
479,-1161,387
480,-516,172
481,-945,315
482,-1023,341
483,-927,309
484,-1083,361
485,-870,290
486,-1185,395
487,-966,322
488,-711,237
489,-882,294
490,-1137,379
491,-1059,353
492,-1350,450
493,-1251,417
494,-885,295
495,-834,278
496,-1164,388
497,-1323,441
498,-963,321
499,-954,318
