0,-676.9493866726291,571,2293,64
1,-396.4576923076923,215,2283,46
2,-501.46866466866476,216,2251,31
3,-672.5360854058223,259,2256,30
4,-473.15327646210005,225,2252,41
5,-406.4899715781294,375,2254,47
6,-603.1717661423543,275,2250,50
7,-415.3888937687223,546,2261,48
8,-495.3275132275132,373,2254,48
9,-303.57080518231413,363,2262,42
10,-400.83706793722274,400,2273,42
11,-406.42408604467425,312,2275,46
12,-574.3002971364384,368,2251,55
13,-492.6479797979798,261,2255,46
14,-502.7800865800865,366,2250,51
15,-400.4953727644905,285,2255,45
16,-396.4355158730159,225,2251,29
17,-331.2395434275869,372,2254,41
18,-457.3705988455988,292,2286,46
19,-435.3884615384615,500,2264,50
20,-272.3911796536796,282,2252,30
21,-608.003182445574,412,2257,54
22,-503.790719406042,386,2265,52
23,-488.65420690420706,420,2269,51
24,-552.8358733951351,475,2255,45
25,-565.6705128205127,337,2294,60
26,-484.39890664890663,354,2256,47
27,-426.69286448845276,255,2253,37
28,-379.6396516881812,408,2256,45
29,-343.25588730252423,313,2263,37
30,-466.3924242424243,233,2285,39
31,-589.8037545787546,307,2251,57
32,-425.5143327260975,415,2251,46
33,-458.2557115270351,335,2290,42
34,-377.6688533688534,283,2268,38
35,-659.523001998002,319,2252,58
36,-358.41452991452985,290,2252,41
37,-384.5531162464987,244,2257,32
38,-581.6255979314803,362,2256,49
39,-560.8941225441224,344,2295,49
40,-510.7045634920635,282,2264,42
41,-604.513310382428,290,2271,44
42,-366.99695416669095,304,2261,32
43,-590.789537848227,330,2285,49
44,-300.81718206213304,444,2270,43
45,-428.72308802308805,166,2278,27
46,-588.3977156572357,504,2267,55
47,-420.49295051353874,214,2283,36
48,-557.9994465329992,386,2292,54
49,-412.0944466644467,281,2254,37
50,-445.19458874458877,222,2257,37
51,-466.43268398268395,335,2278,43
52,-526.305974708724,476,2252,59
53,-433.8980859010271,314,2257,32
54,-460.439935064935,292,2250,49
55,-460.4212286047966,359,2255,47
56,-438.4615079365079,232,2250,35
57,-502.46842119233423,269,2265,42
58,-648.6618742368743,225,2254,45
59,-385.40040366721405,256,2257,40
60,-581.2011849261851,181,2251,34
61,-434.98217893217884,191,2255,31
62,-439.339819109462,348,2274,37
63,-475.90310245310246,309,2264,29
64,-472.0325437148664,293,2256,39
65,-556.1961951447245,440,2256,45
66,-272.5070346320346,455,2258,48
67,-486.37677853192554,407,2252,58
68,-416.60050643800645,321,2270,45
69,-414.5549966373496,289,2250,41
70,-419.3249097007223,433,2283,57
71,-433.7048834206729,274,2252,40
72,-414.936622527799,260,2265,40
73,-749.431639194139,299,2252,47
74,-846.5956349206348,255,2287,49
75,-507.96133214611467,345,2288,54
76,-547.762171219585,343,2257,37
77,-452.8017248522087,351,2257,43
78,-322.91316738816744,211,2251,32
79,-362.71353351025266,524,2265,50
80,-549.301067913568,354,2264,49
81,-387.68647834810116,490,2275,43
82,-371.1135124679243,221,2252,35
83,-466.268019018019,290,2256,41
84,-491.07860457662684,295,2282,39
85,-437.76610115031156,309,2257,37
86,-505.21786113479203,472,2273,55
87,-583.5729684879684,383,2250,46
88,-599.9877510806001,268,2251,36
89,-317.00319484437136,352,2289,44
90,-676.822027972028,292,2250,48
91,-542.152716416222,450,2265,46
92,-462.95068761647707,235,2253,39
93,-438.7978327228327,298,2265,44
94,-474.69120718462824,304,2278,50
95,-520.2496572871573,319,2287,39
96,-592.2327885988751,260,2285,46
97,-514.3304834054834,267,2267,51
98,-409.49232492997197,476,2252,64
99,-664.3093131283921,495,2292,63
100,-553.7608507505565,258,2254,45
101,-379.9735032511349,361,2252,43
102,-607.8492063492063,142,2256,30
103,-316.2740356865357,383,2260,43
104,-648.1133876357558,361,2292,43
105,-453.9554667554668,339,2253,50
106,-474.28579059829053,359,2258,45
107,-421.5599777945366,403,2255,47
108,-399.9757492507492,371,2255,48
109,-382.8192279942281,522,2251,42
110,-519.4228070175438,219,2259,31
111,-396.177608794714,367,2250,42
112,-324.0702382584735,329,2253,32
113,-532.5148072941552,364,2279,45
114,-508.8594678524089,258,2295,43
115,-408.4860983102918,219,2259,34
116,-330.59119972598234,321,2255,38
117,-404.8198412698413,234,2271,32
118,-368.0202452775983,240,2254,35
119,-391.1549550939257,273,2259,47
120,-689.1366174284652,201,2251,34
121,-423.25293700552317,237,2251,35
122,-595.6733044733045,207,2264,36
123,-450.5271939171938,459,2250,62
124,-380.8803382797578,429,2289,45
125,-536.8409273266416,379,2272,43
126,-471.79051226551223,165,2250,33
127,-477.0305202107834,190,2252,31
128,-394.4849595297177,249,2274,37
129,-512.999338101512,336,2290,49
130,-342.1589022089022,242,2253,32
131,-548.523914647444,389,2296,46
132,-285.54762825409887,317,2259,37
133,-544.4402231860485,257,2253,38
134,-399.48723498723507,304,2259,41
135,-304.47674080305666,285,2250,34
136,-499.44586247086255,251,2250,36
137,-472.7854395604396,306,2255,47
138,-594.6393090569562,376,2250,49
139,-335.9428071928071,400,2251,45
140,-341.41488927738936,390,2252,40
141,-528.1233576365156,265,2275,35
142,-472.2956349206349,331,2290,52
143,-705.80226031454,469,2259,49
144,-533.5475468975468,481,2260,45
145,-703.7416754071699,424,2291,53
146,-527.6634723506628,370,2272,63
147,-573.4184679165228,452,2296,46
148,-386.8213164372607,288,2254,31
149,-569.8880390077759,332,2282,43
150,-406.2996031746032,322,2268,31
151,-550.9426184926183,367,2287,63
152,-497.6375700322696,337,2250,44
153,-621.6535052910052,232,2290,50
154,-544.2195188345789,466,2266,48
155,-366.64082251082255,466,2254,58
156,-548.6264409137473,299,2262,38
157,-499.6974292615597,327,2278,50
158,-322.14018474215857,369,2250,46
159,-515.1110750360751,320,2250,47
160,-488.2331498910446,368,2250,52
161,-386.3060517140239,292,2283,49
162,-678.8351920698086,203,2254,34
163,-493.499669731713,265,2250,36
164,-309.78387038588653,319,2251,36
165,-535.4943806193806,324,2280,48
166,-482.6923076923076,135,2258,28
167,-418.058082706767,361,2278,49
168,-437.93984099424614,400,2250,53
169,-597.6517704517705,340,2286,45
170,-379.6326423576424,405,2250,49
171,-419.52680375180375,163,2256,29
172,-463.14478241057196,202,2255,36
173,-276.6447501739247,313,2250,38
174,-751.3779914529915,359,2290,42
175,-425.2765217990498,495,2264,50
176,-419.05982402100824,413,2291,50
177,-473.8057731694829,350,2260,40
178,-564.9421398046397,224,2291,33
179,-475.3138888888889,193,2255,32
180,-460.81111111111113,331,2295,47
181,-457.4082611832611,273,2261,36
182,-488.2014546755926,401,2250,44
183,-392.4844460792048,369,2261,47
184,-386.13009592746437,342,2254,39
185,-438.4371212121213,263,2254,43
186,-491.55074786324775,418,2271,56
187,-481.94588195620804,348,2293,43
188,-348.58230308974004,392,2254,45
189,-484.45728291316533,391,2265,49
190,-530.439522977023,576,2256,58
191,-386.73973380420745,231,2258,35
192,-383.3208233815993,400,2283,48
193,-539.6158011922716,310,2256,45
194,-341.3407814407814,318,2290,50
195,-461.43712121212127,350,2250,50
196,-547.3874458874459,239,2251,51
197,-447.236260961261,275,2251,32
198,-391.11406093906095,365,2254,42
199,-297.8945290820292,310,2253,44
200,-433.7778656528656,388,2253,50
201,-552.259126984127,127,2257,28
202,-552.5821169456619,488,2261,52
203,-364.10104617604617,380,2251,51
204,-341.61243756243755,193,2276,28
205,-435.7352923628659,435,2250,54
206,-489.21455440694575,405,2258,55
207,-617.4762348762349,271,2253,43
208,-516.4834889038837,244,2266,36
209,-391.09909297052144,498,2259,52
210,-296.5176573426573,251,2269,37
211,-371.8463383838384,470,2256,51
212,-538.7298885201631,489,2251,53
213,-527.4233224338487,391,2256,43
214,-616.4676003734828,126,2264,30
215,-519.7902597402597,273,2264,41
216,-392.32025862068963,398,2253,37
217,-432.9399433854676,432,2291,48
218,-309.0109356329944,228,2253,31
219,-468.611741363212,341,2252,43
220,-723.9244047619048,232,2255,47
221,-421.63647186147193,392,2251,44
222,-592.4244994136299,326,2272,55
223,-429.33354777317624,259,2280,45
224,-534.097296320025,540,2257,61
225,-496.08381152731,209,2260,29
226,-420.4385750450266,336,2295,39
227,-363.1387977519557,184,2259,27
228,-334.0100764732344,359,2258,46
229,-462.9246832641102,554,2251,54
230,-473.0023448773449,310,2254,49
231,-399.90786647992525,463,2253,55
232,-492.9272402246087,279,2289,44
233,-420.9452147525677,200,2254,31
234,-461.58442498130285,471,2251,42
235,-388.68044733044735,214,2276,40
236,-426.80664274322174,528,2269,54
237,-336.96162032412036,332,2255,45
238,-562.7140692640693,291,2266,44
239,-508.80825253178205,344,2255,45
240,-531.5585022820318,201,2262,38
241,-431.46940649440666,331,2251,41
242,-513.7306593406595,327,2250,42
243,-392.6664144335197,304,2250,41
244,-514.0491147741147,307,2281,47
245,-450.5973698022039,279,2252,43
246,-453.7611013986014,283,2254,47
247,-370.56795900178247,300,2275,44
248,-432.61219664408515,399,2250,44
249,-448.0118266047678,509,2257,50
250,-562.3117874815242,295,2258,47
251,-458.8965367965367,295,2259,39
252,-430.33768568033275,324,2278,40
253,-598.9216374269005,265,2251,42
254,-482.3795454545454,170,2267,35
255,-441.0255688755689,286,2256,39
256,-448.20126678876676,397,2252,45
257,-442.6042398777694,525,2251,46
258,-561.2071733821734,388,2264,50
259,-490.8345312367372,312,2254,48
260,-345.9171755275309,588,2250,51
261,-339.798478627258,522,2266,43
262,-665.9008769008769,291,2286,41
263,-348.8795451458175,357,2274,44
264,-624.6445665445665,174,2252,30
265,-449.6105331787888,402,2294,45
266,-397.6421356421356,287,2251,38
267,-472.92272727272723,361,2254,49
268,-767.994155844156,217,2263,42
269,-668.4055945120523,386,2297,54
270,-519.079903124724,320,2253,40
271,-404.6892912642913,448,2291,45
272,-494.7755819472925,352,2250,45
273,-538.1400413913572,336,2258,47
274,-378.250403146942,200,2274,27
275,-498.78843743975307,265,2256,41
276,-672.3789435841227,270,2250,37
277,-452.2734487734487,272,2290,51
278,-730.3711357270182,165,2255,31
279,-417.51723860934385,244,2250,33
280,-613.9108476794522,397,2265,45
281,-473.1074516986281,288,2261,47
282,-662.5806727586139,232,2273,44
283,-468.93928988459663,431,2276,55
284,-441.9985935191817,409,2260,45
285,-399.75072021612937,346,2272,34
286,-276.0446224827804,423,2250,46
287,-479.3366708454944,381,2263,48
288,-600.4761904761906,401,2259,61
289,-416.29079039744005,520,2257,56
290,-676.8527656251794,303,2277,41
291,-420.32109847516824,266,2254,37
292,-426.0711133069829,287,2253,42
293,-467.23417508417515,274,2253,45
294,-420.60350512061046,181,2258,31
295,-756.8568491421435,433,2259,64
296,-396.75513538748845,319,2279,42
297,-456.0771645021646,209,2281,39
298,-794.5126984126985,261,2287,58
299,-553.9063738892686,388,2252,49
300,-511.066240769035,307,2253,48
301,-369.86172161172163,231,2250,41
302,-446.41591104312687,300,2251,44
303,-539.9401061356942,617,2264,65
304,-555.850946050946,427,2272,54
305,-489.76626476986564,314,2269,39
306,-467.38753052503046,436,2250,53
307,-581.0813662214977,246,2259,40
308,-460.77456878869924,364,2282,46
309,-417.13283640379234,300,2274,36
310,-554.7821475244816,321,2271,42
311,-470.81979548229555,341,2253,39
312,-484.77830086580093,242,2253,42
313,-498.78712121212124,293,2250,46
314,-420.277376708259,304,2290,41
315,-342.69747178367203,451,2250,41
316,-667.0322969471781,432,2251,44
317,-542.9075854700855,309,2274,52
318,-458.7014041514041,224,2254,37
319,-449.06685702741214,511,2286,56
320,-678.4613277804066,548,2254,50
321,-497.60503663003664,281,2275,44
322,-515.7786172161173,335,2252,42
323,-289.44451209489574,374,2293,46
324,-487.40769230769234,235,2258,37
325,-477.1885903778761,422,2259,55
326,-459.9155494973908,410,2252,50
327,-479.3190601881779,203,2256,38
328,-431.94664820473633,235,2261,34
329,-679.7126455908433,460,2250,55
330,-578.7918498168498,312,2250,52
331,-425.17086198115595,321,2254,48
332,-445.68514728735306,311,2252,42
333,-508.743047118047,670,2291,75
334,-422.2012861585401,270,2255,35
335,-539.4082589437854,443,2267,49
336,-425.5603402445509,234,2256,34
337,-461.86215304303545,311,2250,45
338,-436.0520833333333,291,2286,46
339,-468.6812011088328,413,2277,57
340,-388.4051885312755,483,2251,47
341,-346.0476630255028,488,2251,48
342,-388.45455517878065,381,2253,37
343,-351.97748906580176,289,2251,37
344,-426.9897430184195,368,2253,56
345,-611.9309246309246,261,2250,51
346,-424.6296678321679,291,2250,38
347,-463.6700303326437,244,2292,38
348,-471.245159372791,427,2276,53
349,-408.9387955182073,277,2260,31
350,-345.82147519147514,520,2251,52
351,-483.09720418470414,354,2255,54
352,-366.60508142651,390,2279,44
353,-456.36195887445894,192,2274,31
354,-574.030112044818,267,2268,53
355,-634.0910353535354,202,2258,38
356,-385.3308075179272,484,2260,51
357,-450.086337355455,295,2253,46
358,-459.96701801691654,392,2251,49
359,-289.451224360435,478,2250,53
360,-636.6278332778332,295,2258,54
361,-434.3055216025804,251,2265,45
362,-456.09145900103977,501,2271,48
363,-350.460832398069,307,2297,37
364,-394.8915509682134,451,2261,47
365,-452.5615546218486,272,2256,39
366,-687.0916299214413,347,2285,45
367,-555.471039162663,389,2252,49
368,-479.23453079178887,321,2269,53
369,-590.0406926406926,257,2289,47
370,-511.8583333333333,214,2257,49
371,-340.9229095138578,211,2253,30
372,-372.27075827398403,172,2256,31
373,-476.2627806404122,208,2273,30
374,-735.2753968253968,210,2296,39
375,-545.3777777777779,323,2290,53
376,-367.21502525252527,358,2266,39
377,-429.57215007215007,328,2266,44
378,-462.71756336771824,350,2290,43
379,-445.8444508106273,471,2255,49
380,-577.4082146654515,302,2250,41
381,-468.430305152364,320,2291,45
382,-401.4762332495092,341,2279,36
383,-446.77236652236655,218,2252,41
384,-320.5983700395834,450,2251,50
385,-509.653788815244,527,2268,47
386,-333.67664247517183,478,2288,52
387,-428.58635324943367,306,2288,44
388,-760.5189470802002,418,2288,50
389,-591.7226800976799,166,2258,25
390,-462.4622427014268,205,2251,28
391,-527.5849789915967,245,2269,41
392,-415.7646242646242,493,2291,59
393,-508.1983008248487,519,2257,58
394,-444.1335969331965,293,2265,39
395,-487.2085743717776,297,2255,45
396,-498.44470121381886,271,2289,43
397,-444.70097781587555,363,2250,49
398,-358.0492779078844,542,2257,46
399,-487.6431096681096,352,2250,56
400,-614.5407015499121,199,2259,34
401,-458.0583445793972,167,2286,28
402,-376.2434667327856,212,2272,31
403,-276.61819254017394,446,2250,45
404,-474.56024531024514,313,2263,43
405,-460.80633227067045,498,2276,48
406,-494.11424686424687,317,2251,59
407,-714.0457223332224,301,2284,48
408,-694.1007936507937,217,2250,35
409,-373.93166608607777,332,2254,36
410,-424.14099062701996,391,2276,60
411,-588.7745114667941,312,2260,43
412,-432.6766142545555,453,2277,46
413,-570.2485932428004,370,2262,51
414,-524.7040393678502,282,2256,45
415,-711.6669150148097,319,2255,47
416,-357.7877486892193,238,2287,31
417,-622.476806064306,244,2252,39
418,-408.9693669302767,532,2251,51
419,-429.7985813099943,342,2292,49
420,-517.2821548821548,387,2300,45
421,-641.7609501609501,295,2273,41
422,-428.50855957767726,373,2272,44
423,-415.1894869750133,279,2259,47
424,-540.4606098579782,282,2286,44
425,-542.6722739678621,478,2252,59
426,-356.38977026329957,573,2255,57
427,-368.6521797646798,297,2250,40
428,-528.3202628526158,342,2252,46
429,-465.24837939837937,341,2251,48
430,-494.1806551291846,326,2269,46
431,-515.4464285714287,221,2251,43
432,-456.66572039072037,258,2291,46
433,-484.8556420112455,292,2286,38
434,-250.59459973060422,343,2250,36
435,-469.2783838968049,373,2258,52
436,-603.6340974986485,422,2252,49
437,-495.15523861243673,298,2250,35
438,-452.007366455354,273,2251,35
439,-471.9473193473193,449,2276,54
440,-425.0334689259808,484,2251,49
441,-369.7360816814765,407,2265,51
442,-455.60166666666674,286,2256,42
443,-692.2357201042685,296,2250,45
444,-599.157326007326,173,2252,31
445,-625.6438563070917,315,2262,55
446,-508.58619830461936,386,2281,44
447,-523.875613604851,490,2255,49
448,-506.3652395806807,269,2250,39
449,-477.60801625275315,340,2295,46
450,-378.46742588897325,350,2263,41
451,-576.4197059884563,461,2251,56
452,-503.878444683336,466,2251,56
453,-483.94048035298033,327,2250,48
454,-369.64302223249194,459,2253,53
455,-693.4233618233618,307,2280,56
456,-684.6178571428571,239,2253,46
457,-406.3374656705302,312,2294,37
458,-662.6792001697489,476,2257,57
459,-352.433321430032,262,2275,38
460,-404.0120068730486,369,2253,45
461,-510.44389499389507,288,2275,43
462,-841.8265293815172,510,2288,51
463,-430.57593240093246,277,2252,39
464,-503.3749320940499,454,2253,55
465,-441.415459102301,347,2286,44
466,-502.7011705685619,339,2291,42
467,-457.6934407096172,302,2254,41
468,-723.0307435254803,392,2250,48
469,-476.5701659451661,223,2294,30
470,-370.6727064602064,345,2250,48
471,-375.0732904693971,457,2254,44
472,-401.5689574314574,272,2269,39
473,-358.5996034165926,313,2288,41
474,-418.66736018968993,142,2254,24
475,-466.54143404488235,352,2252,46
476,-291.3630227743271,385,2259,39
477,-434.37652347652346,369,2287,43
478,-524.3368464868466,365,2262,54
479,-422.6826870497922,209,2256,37
480,-427.85786227661237,428,2251,50
481,-367.7197420226832,300,2265,37
482,-327.1764552441024,248,2295,41
483,-393.05261427640454,384,2252,39
484,-535.1760881275586,255,2254,47
485,-501.9595238095238,137,2264,26
486,-663.5704248366014,239,2257,46
487,-562.7468137254903,416,2259,43
488,-507.70306360306364,525,2252,62
489,-403.6523892773893,181,2255,30
490,-449.9546162514816,354,2257,41
491,-469.62326099826106,373,2252,54
492,-433.4134790279748,408,2250,49
493,-357.5303853780184,372,2256,51
494,-462.4770068842584,280,2282,36
495,-591.070868347339,307,2253,47
496,-515.3979603729604,200,2296,42
497,-364.4917239383897,448,2250,51
498,-438.0218253968255,375,2268,57
499,-502.28466533466536,439,2255,53
500,-233.21977355977353,283,2251,35
501,-499.4191240132416,351,2272,43
502,-357.29657199525616,358,2260,42
503,-511.38122792240443,341,2252,49
504,-465.7219974469974,298,2251,45
505,-403.43431462328516,251,2250,28
506,-495.8642496392496,280,2256,42
507,-505.86581162502216,311,2254,43
508,-334.71465677778485,368,2265,48
509,-360.6038488938209,385,2254,42
510,-408.1990256088941,285,2252,45
511,-640.2662698412698,366,2265,48
512,-489.88661191749424,331,2284,51
513,-579.825534067382,441,2283,75
514,-350.22786002785875,463,2263,46
515,-330.57467614085266,230,2258,38
516,-340.8626858435681,418,2251,47
517,-403.66923076923075,264,2273,43
518,-354.1738388718264,446,2289,56
519,-532.5219176764067,442,2257,52
520,-552.0867243867244,320,2252,52
521,-394.7447337384838,543,2283,53
522,-513.1158305746541,267,2288,43
523,-389.99513694366635,537,2258,57
524,-536.098041692362,212,2262,32
525,-367.4858431729949,390,2251,46
526,-539.8956349206348,266,2253,54
527,-445.100937950938,226,2254,45
528,-366.7504201680672,229,2251,38
529,-446.8677587663432,354,2289,45
530,-361.0425229867118,295,2254,41
531,-612.6168664668663,199,2251,32
532,-741.1619769119769,361,2262,49
533,-365.8556860093238,286,2270,39
534,-382.52558968808955,247,2252,39
535,-422.9751269198638,341,2251,43
536,-696.7860016794799,234,2289,44
537,-419.30620374249406,175,2250,30
538,-564.5680555555557,224,2256,43
539,-522.3096408217376,450,2256,51
540,-481.17046854112067,359,2271,41
541,-468.3186507936508,203,2262,39
542,-760.1824564324562,274,2270,56
543,-435.6320076475249,425,2250,48
544,-560.5047175047175,233,2260,43
545,-628.6830997882412,414,2274,40
546,-409.6969576719577,364,2291,48
547,-526.3729853479854,257,2261,51
548,-380.0695276945277,258,2258,33
549,-602.142472111222,309,2289,42
550,-346.5898303142767,567,2266,53
551,-411.44201214907105,390,2289,43
552,-365.96422990799056,417,2276,45
553,-386.0377952957567,289,2251,39
554,-448.9404752110635,424,2295,52
555,-477.7422516205299,420,2287,51
556,-395.5557889822596,255,2253,43
557,-461.9618633540373,673,2292,67
558,-573.0953282828282,208,2250,37
559,-418.0360903464352,287,2291,31
560,-425.98500892382464,436,2259,46
561,-560.8190476190475,312,2253,57
562,-503.4498543123543,297,2251,46
563,-314.50774898274886,469,2255,47
564,-579.9926046176047,201,2270,30
565,-356.9100288600289,219,2256,33
566,-364.6433927183927,269,2251,40
567,-445.8573644609359,321,2258,42
568,-333.09265873015875,345,2265,45
569,-416.24700039259466,429,2251,45
570,-401.00128239200194,325,2292,35
571,-276.66465534379626,506,2274,46
572,-445.57882307750725,394,2255,46
573,-488.5819153069154,163,2250,27
574,-548.4468975468976,345,2250,51
575,-479.12359943977594,438,2287,56
576,-628.4137021475257,405,2281,38
577,-379.74772172272174,418,2256,56
578,-486.56774891774893,164,2284,38
579,-549.8188852813853,214,2253,43
580,-351.88141025641033,201,2252,30
581,-425.60966983173233,466,2254,50
582,-641.699938949939,200,2279,43
583,-413.57202763711376,311,2252,43
584,-527.8191197691197,289,2258,43
585,-339.2763378778084,337,2253,38
586,-533.5215440115439,277,2257,43
587,-440.1945226668756,412,2269,47
588,-404.0330264648677,390,2254,50
589,-643.6422208406251,316,2281,49
590,-437.7622299922299,224,2257,38
591,-738.1111207505946,429,2255,58
592,-516.381240981241,256,2253,44
593,-464.9100233100233,243,2250,41
594,-312.5598827098827,367,2252,45
595,-608.9668333300687,296,2268,43
596,-354.3833980535594,337,2252,43
597,-446.4817970917971,322,2291,48
598,-536.0430773936207,261,2261,37
599,-455.8154761904762,186,2252,33
600,-485.42615440115435,213,2259,41
601,-436.9936611182936,570,2250,53
602,-563.9113253314754,368,2252,50
603,-560.1871332371331,183,2281,40
604,-488.32337662337665,148,2250,29
605,-454.67929292929296,394,2278,42
606,-328.73159337738286,279,2264,30
607,-574.5117583396997,258,2287,45
608,-582.8864052614053,162,2258,30
609,-424.6819513819514,216,2253,44
610,-467.95568521868967,488,2251,49
611,-503.36256506651245,459,2256,53
612,-405.71901709401715,265,2294,42
613,-618.9877899877898,269,2251,46
614,-723.613411548194,488,2274,49
615,-428.56013071895427,345,2252,49
616,-507.4569139194139,170,2281,33
617,-548.1281607281608,237,2251,38
618,-640.8608599733601,446,2291,49
619,-511.74378121878124,323,2253,47
620,-557.4678338001868,218,2255,37
621,-529.0468434343434,383,2282,61
622,-461.66443833943833,391,2256,45
623,-445.3706334124812,331,2257,46
624,-509.1621975019516,494,2253,52
625,-353.2245670995671,188,2258,28
626,-554.8965147597502,246,2251,41
627,-500.33974089635853,200,2257,37
628,-649.9880952380951,166,2265,36
629,-315.2588235294118,190,2281,26
630,-416.9093824186567,270,2252,34
631,-446.45116694899303,272,2252,41
632,-441.18117993118,325,2251,43
633,-540.0657549966372,258,2250,46
634,-466.5300572249102,378,2251,48
635,-403.27030914487807,382,2251,42
636,-533.9610417360416,509,2263,56
637,-578.1263904804347,309,2264,43
638,-409.8930119490646,458,2260,59
639,-448.205233171156,324,2258,43
640,-394.4849747474747,202,2254,28
641,-504.30027821851354,554,2257,60
642,-388.8142969603496,285,2253,44
643,-482.9047762694821,303,2263,44
644,-401.3947467565114,516,2259,54
645,-465.4394078144078,309,2288,58
646,-422.8329547761134,435,2293,60
647,-415.7058982683982,225,2272,35
648,-427.8775532417773,237,2270,32
649,-479.5539528118939,348,2252,42
650,-409.93874458874467,600,2251,66
651,-467.94087301587297,193,2254,29
652,-315.97092585141786,407,2252,45
653,-428.6691993464053,180,2258,30
654,-803.0601898101899,433,2252,66
655,-501.02068412391066,275,2260,41
656,-523.7250000000001,343,2296,41
657,-466.72301587301587,282,2250,47
658,-528.5787046287045,311,2253,37
659,-347.752417027417,250,2252,37
660,-605.2117798506044,323,2283,38
661,-411.45434649919565,391,2250,41
662,-509.4398180766601,397,2259,56
663,-272.85672679422674,322,2257,36
664,-642.1656758849136,193,2261,29
665,-365.47270923520927,296,2251,53
666,-467.4868687521628,503,2257,63
667,-512.2986568986569,235,2250,60
668,-538.9859414708098,357,2253,49
669,-570.3666666666667,181,2257,43
670,-349.5681602895313,335,2254,51
671,-366.1293742351474,678,2255,56
672,-393.1938758812745,361,2294,45
673,-575.0915016605805,390,2271,51
674,-646.7000427676899,362,2295,47
675,-637.6819846819848,388,2298,53
676,-526.2097716009481,414,2252,48
677,-560.3494505494506,207,2265,38
678,-582.1974117987276,455,2286,60
679,-589.1240258766575,320,2251,41
680,-524.3419622044622,236,2251,41
681,-418.964676455186,415,2253,44
682,-461.03603896103886,362,2251,55
683,-445.9142354921766,329,2254,40
684,-505.4480158730157,208,2254,40
685,-369.90660195686957,355,2288,38
686,-320.1231547606161,311,2257,40
687,-435.9305677492213,351,2254,42
688,-556.8934758353103,318,2250,42
689,-502.43612368024134,225,2252,36
690,-539.0928486546134,193,2253,28
691,-448.55204240204233,318,2283,43
692,-400.6578966355281,359,2287,49
693,-537.4055194805196,309,2250,48
694,-471.3833333333333,216,2259,34
695,-626.603128815629,312,2252,45
696,-332.9447748158275,185,2257,25
697,-346.25607456269216,519,2293,54
698,-460.2026604278074,428,2252,59
699,-358.4390739695087,347,2256,54
700,-420.66829573934837,269,2284,42
701,-402.57213766625534,502,2262,59
702,-516.8368347338935,215,2255,39
703,-536.4407683404824,353,2252,43
704,-460.2114246864247,327,2295,54
705,-545.2948912198912,300,2262,40
706,-412.02767254675155,529,2252,51
707,-690.8156438332908,270,2285,50
708,-469.72752167752174,392,2285,41
709,-328.74856285562225,419,2250,45
710,-462.56670938710414,364,2259,52
711,-547.2492979242979,324,2260,41
712,-595.0431935143571,345,2250,40
713,-487.1583540239183,442,2255,62
714,-500.1740832696715,343,2256,49
715,-298.8391164765603,282,2251,33
716,-496.10694860694855,149,2252,35
717,-525.4171522921523,255,2259,50
718,-536.9088618983355,266,2274,42
719,-354.0051406926406,275,2288,41
720,-601.425944653545,460,2257,56
721,-373.3765873015874,463,2251,54
722,-335.12229603303774,494,2259,52
723,-581.1897262867851,194,2253,32
724,-435.6358309990663,273,2250,37
725,-263.3686359392242,309,2272,38
726,-603.5278173439464,349,2275,39
727,-434.1911172161172,320,2265,41
728,-514.5843116202385,392,2251,53
729,-450.77526101349633,323,2251,53
730,-485.76483769498486,405,2256,51
731,-609.8456349206349,335,2260,53
732,-426.0905618890915,355,2256,47
733,-311.1642851776726,465,2255,40
734,-342.41217532467533,429,2260,51
735,-439.0963203463203,251,2251,43
736,-393.54775012569115,280,2262,35
737,-841.5336507936508,425,2255,59
738,-549.8802863802863,381,2252,47
739,-424.88161887132463,333,2253,43
740,-443.18396809302385,425,2250,49
741,-554.9954045954048,222,2254,46
742,-377.4806985412248,299,2292,41
743,-467.47994227994235,467,2263,61
744,-658.9349467390847,475,2284,57
745,-552.884831508361,396,2253,44
746,-490.52998659047046,305,2283,33
747,-727.2077533577534,180,2251,32
748,-412.8210622710623,248,2252,39
749,-506.84258923824723,485,2256,50
750,-432.9052414905356,327,2250,44
751,-381.1798872180451,349,2295,45
752,-390.98022019460205,338,2254,43
753,-624.1134809634809,323,2250,54
754,-380.9559920938073,354,2279,40
755,-275.84766385048647,291,2250,43
756,-423.8848253054136,229,2256,39
757,-468.8189393939394,206,2295,39
758,-323.392025677133,350,2252,45
759,-550.0139515455304,227,2250,46
760,-473.39083694083695,179,2294,41
761,-484.9704795204795,179,2268,29
762,-581.3415822481614,338,2255,48
763,-371.11662115662114,299,2289,41
764,-537.0562950937951,208,2252,37
765,-498.26548821548823,367,2250,63
766,-471.75039682539693,159,2256,29
767,-491.0660169242986,374,2278,48
768,-279.92099594778625,539,2253,47
769,-467.5214035964036,237,2257,53
770,-431.714205969469,288,2254,48
771,-316.4504005798123,347,2260,42
772,-517.480774050511,476,2296,54
773,-356.7825791855204,283,2252,33
774,-384.4823644097838,303,2253,39
775,-515.1785708409238,480,2259,59
776,-510.80215785676324,352,2291,49
777,-426.78869047619054,540,2251,63
778,-354.9992147034252,388,2250,40
779,-380.45523088023083,284,2251,37
780,-374.00105949262297,250,2262,35
781,-532.899126984127,280,2265,43
782,-399.5838389680495,336,2266,42
783,-585.1252775002774,367,2254,51
784,-288.12488184330306,348,2253,43
785,-514.0923331463132,570,2275,60
786,-486.41479117287935,399,2293,45
787,-630.9536843953587,293,2256,45
788,-496.0936064805326,275,2259,35
789,-463.8605659390491,343,2251,43
790,-358.39377104377104,223,2269,37
791,-555.1437867829812,455,2273,49
792,-417.4773170384154,304,2266,35
793,-463.2978077478077,201,2259,35
794,-431.03919552669555,266,2267,34
795,-431.80424852924847,208,2263,40
796,-422.33452787680733,365,2256,42
797,-527.0692819416402,389,2250,43
798,-432.799333999334,362,2251,43
799,-772.1956349206349,245,2280,46
800,-553.6261198945982,368,2251,51
801,-404.15551948051956,233,2254,39
802,-369.2051948051949,334,2270,41
803,-552.9412698412698,335,2250,44
804,-410.2567927170867,244,2257,42
805,-517.0814033189033,250,2270,39
806,-426.69258796758794,367,2254,58
807,-403.35989190548014,505,2286,51
808,-461.7985177704992,290,2253,50
809,-532.5749601275916,352,2263,41
810,-335.68876595082475,580,2298,58
811,-669.2983320600969,189,2257,47
812,-410.41227824463107,306,2250,42
813,-413.4003938765128,460,2254,58
814,-600.4959096459096,296,2276,48
815,-372.58813131313127,181,2270,34
816,-583.0805790462766,371,2250,54
817,-587.2874861572536,401,2252,47
818,-622.3137362637362,340,2296,44
819,-452.2023347266769,292,2295,42
820,-536.7375901875903,179,2261,35
821,-615.3096681096681,289,2251,45
822,-398.6193699317539,370,2254,44
823,-399.46837051837053,138,2295,23
824,-442.2070124141091,255,2252,36
825,-477.8093684093684,503,2296,51
826,-571.792156862745,278,2250,47
827,-663.836144030262,425,2270,55
828,-513.0636002886004,353,2266,52
829,-295.7621916796605,403,2269,43
830,-461.5063603063603,224,2256,40
831,-457.75454935454934,326,2250,40
832,-563.366186299081,454,2252,45
833,-356.0061959282547,298,2254,40
834,-440.6278535084987,271,2250,36
835,-604.6911616161616,294,2290,38
836,-488.5352897102897,251,2250,43
837,-702.5916708291707,421,2253,47
838,-396.363974100612,250,2261,37
839,-518.4871961371962,264,2258,46
840,-600.452208249267,527,2259,56
841,-466.64884004884004,439,2251,62
842,-404.9540616246498,209,2253,27
843,-484.26319966583117,248,2292,39
844,-651.0109447573097,566,2269,56
845,-609.3567273228563,329,2256,55
846,-509.4308554190907,246,2252,46
847,-446.8898569023567,346,2254,48
848,-498.11771284271276,191,2251,46
849,-431.7329670329671,176,2257,36
850,-408.0294313032803,498,2251,45
851,-397.66549520299526,208,2256,32
852,-558.316774891775,450,2251,56
853,-515.4354320516086,342,2251,42
854,-325.5258602508603,332,2251,37
855,-376.53977133977133,287,2267,36
856,-348.0670995670995,326,2254,43
857,-614.843253968254,267,2256,43
858,-549.9816715766766,449,2266,49
859,-535.7730374200964,432,2295,49
860,-436.5904351485873,324,2257,38
861,-447.7917027417028,239,2296,37
862,-640.5604172854173,395,2272,52
863,-440.9027985902985,342,2268,42
864,-483.8161310911311,312,2256,46
865,-464.21019753003253,429,2251,53
866,-605.9643282156441,272,2290,42
867,-515.6166666666666,298,2253,45
868,-372.3162779257206,330,2250,39
869,-555.6878709454796,410,2251,52
870,-478.06123329228257,395,2253,54
871,-537.3014211278916,384,2250,46
872,-404.8881277716316,372,2250,55
873,-493.8048673548674,180,2271,35
874,-384.4858455433455,342,2253,41
875,-603.468795093795,386,2257,64
876,-587.5165755297335,231,2290,41
877,-709.7579836829836,264,2283,53
878,-533.9234598734597,357,2257,40
879,-561.0978634523372,330,2260,44
880,-344.14395487553384,247,2253,35
881,-282.315136958558,352,2291,43
882,-486.9940115440115,195,2251,39
883,-670.6379385320561,266,2290,46
884,-498.31893154127204,426,2293,48
885,-620.0598193473193,243,2288,56
886,-543.6757922632922,194,2251,32
887,-717.411507936508,324,2296,48
888,-562.1195198592259,336,2253,55
889,-531.5209928959929,332,2293,53
890,-490.1021969044028,230,2279,28
891,-522.6964462952506,311,2253,49
892,-634.1691197691198,237,2251,46
893,-533.0345786222722,408,2290,52
894,-486.91471028971023,227,2261,43
895,-405.1145830261929,190,2258,33
896,-438.99708721326374,365,2250,37
897,-652.1812330643211,434,2253,55
898,-414.03183232889126,361,2250,55
899,-453.2816616390147,226,2251,31
900,-413.4458252531782,358,2257,63
901,-401.4108891712153,231,2268,36
902,-396.841850943701,427,2283,47
903,-600.0654429634693,317,2250,43
904,-365.85548911872434,197,2253,30
905,-347.9969910808146,457,2259,51
906,-460.68393251399436,525,2252,48
907,-353.46792717086834,499,2259,51
908,-441.06428752407015,425,2256,52
909,-426.0334500466853,351,2251,55
910,-502.58780247530245,292,2250,49
911,-380.2125547654959,568,2251,58
912,-417.4238096870449,264,2251,39
913,-337.9167059247941,433,2291,44
914,-488.7002898374415,271,2286,45
915,-397.1811333111333,222,2250,30
916,-295.3333735708735,199,2251,29
917,-547.7560606060606,224,2283,51
918,-620.8654623154623,473,2292,61
919,-517.9531302031303,269,2250,46
920,-495.48217338217347,315,2250,44
921,-409.11424327306673,371,2251,53
922,-789.3474980901451,184,2250,40
923,-387.89471863705614,394,2252,48
924,-316.36806110556114,204,2254,27
925,-669.6982395674502,477,2301,53
926,-448.9165902810639,272,2253,40
927,-502.1690476190476,212,2251,39
928,-416.65938578329883,300,2289,41
929,-661.2338846660585,401,2291,56
930,-470.61485635279746,406,2257,43
931,-404.367390942391,327,2257,40
932,-328.43053613053615,478,2253,55
933,-537.4072416713722,260,2258,44
934,-406.45363247863247,195,2267,37
935,-627.9431372549019,308,2255,52
936,-444.0984681984683,207,2254,33
937,-418.957565094042,239,2291,39
938,-277.4448876123877,339,2255,40
939,-401.56777183956814,289,2254,41
940,-443.9380570409983,212,2252,33
941,-655.7112129700364,265,2250,44
942,-415.7425589030851,259,2278,46
943,-585.7020423792966,409,2252,52
944,-424.57447691197683,261,2254,38
945,-745.7353240441474,449,2251,58
946,-378.02725702659916,415,2258,55
947,-626.5973415473414,226,2253,40
948,-558.4781107781108,365,2253,56
949,-392.924007936508,298,2252,47
950,-454.43001720501724,515,2293,50
951,-352.8245143745144,289,2254,42
952,-495.0887112887113,294,2268,38
953,-756.4579004329006,369,2274,59
954,-382.77493565086434,438,2284,57
955,-503.8572727272727,480,2267,58
956,-548.2362588961428,380,2285,61
957,-362.5120959449906,365,2257,40
958,-564.942181266446,277,2252,37
959,-603.966017042203,367,2280,53
960,-523.224302177011,459,2250,58
961,-498.28650442181845,374,2250,48
962,-747.2290126540126,255,2262,48
963,-659.6218101343101,349,2252,45
964,-529.0386173767752,221,2273,34
965,-386.4148205023204,258,2252,38
966,-314.3826007326006,361,2251,46
967,-298.64434941052593,282,2251,41
968,-462.5455433455434,281,2258,58
969,-545.9575163398692,286,2250,42
970,-409.4095326095326,290,2277,42
971,-327.90115381929894,317,2251,41
972,-353.51670022387987,566,2279,44
973,-346.540972468755,615,2297,57
974,-410.8464298859035,340,2289,50
975,-460.59244089244095,224,2250,46
976,-480.4095824120215,611,2259,56
977,-497.1239804828815,350,2290,51
978,-406.992316017316,138,2255,28
979,-499.87903297682703,216,2275,38
980,-553.4431718500797,303,2252,43
981,-461.46785714285704,217,2254,48
982,-646.9055837598036,370,2277,55
983,-502.34782880518185,422,2256,56
984,-539.2203425229741,172,2276,32
985,-618.2456885706883,315,2254,51
986,-552.4757007053834,407,2252,55
987,-465.0901435425748,340,2296,45
988,-463.74237437399205,294,2258,45
989,-674.8862724994303,251,2285,45
990,-750.5622516372517,369,2253,57
991,-596.1301561728031,429,2276,58
992,-456.2120765400176,273,2250,36
993,-355.7308441558442,254,2277,33
994,-350.06518016297423,340,2265,41
995,-441.76529317565905,325,2257,44
996,-581.9645021645022,219,2259,53
997,-409.03471479500894,301,2252,40
998,-420.996904397899,424,2251,50
999,-380.2124680874681,175,2259,33
