episode,reward,steps,exploration_reward,decision_count
0,-835.9513443256088,422,2250,131
1,-989.6722719808929,416,2293,144
2,-1496.3058441558444,390,2256,133
3,-771.9808347849095,337,2262,104
4,-942.3297313797315,415,2252,131
5,-901.4386243386244,394,2253,131
6,-1157.5333333333333,267,2258,100
7,-1058.4664377289375,383,2250,124
8,-1016.8158730158731,341,2291,124
9,-1288.2018315018315,163,2264,82
10,-983.2831313131314,363,2251,135
11,-1024.5100191898778,379,2255,162
12,-739.0208333333334,253,2254,96
13,-995.0174436674437,243,2261,93
14,-1062.1251512081299,407,2250,137
15,-1102.007575757576,406,2250,140
16,-1116.719464390766,379,2250,122
17,-756.8654095904095,452,2256,131
18,-1083.7348394079036,414,2262,142
19,-958.7342352092352,321,2260,89
20,-785.5076357466063,321,2286,91
21,-1027.9805555555554,178,2273,82
22,-829.4801587301589,299,2281,121
23,-1427.3819347319345,353,2254,147
24,-900.6480394002134,373,2255,134
25,-1104.5891414141415,191,2263,82
26,-1339.2741437484085,387,2262,122
27,-1232.8361111111114,376,2291,124
28,-1131.6357142857141,208,2256,93
29,-812.6203020993343,348,2250,107
30,-1232.794452932688,247,2252,108
31,-1228.9636446886448,338,2259,128
32,-984.2727777777777,225,2252,94
33,-657.0489538239538,289,2251,114
34,-940.1839285714285,335,2284,97
35,-1056.7936507936508,192,2285,80
36,-1101.342021720969,430,2251,129
37,-1200.4020562770565,178,2267,84
38,-1089.260776942356,347,2260,130
39,-1081.08342985843,238,2257,110
40,-997.5702991452989,273,2252,105
41,-1016.6178577748034,412,2265,80
42,-833.6999309868878,454,2256,141
43,-990.5827731092438,272,2280,110
44,-1253.2366522366524,432,2252,144
45,-1165.084523809524,233,2288,101
46,-1258.9875313283205,377,2253,167
47,-1035.7303571428572,289,2253,118
48,-1038.2920503446417,359,2260,149
49,-1310.969047619048,167,2287,89
50,-994.193899782135,406,2285,141
51,-962.1819763569765,253,2251,90
52,-1079.0280303030304,390,2257,155
53,-915.1439008570569,420,2251,108
54,-979.8357142857142,288,2259,99
55,-942.8616341991341,299,2289,124
56,-837.2656746031747,386,2261,133
57,-942.9458902208901,323,2263,103
58,-1218.1187134502923,345,2252,134
59,-1141.2424624395212,414,2257,123
60,-845.2986009230392,353,2254,99
61,-1019.5242118992119,305,2282,115
62,-749.7716727716726,309,2251,94
63,-1160.8474099974098,366,2250,109
64,-1366.0662071846282,452,2253,158
65,-1066.6262237762237,215,2251,85
66,-1254.1001188354132,461,2296,137
67,-908.5846153846153,197,2251,81
68,-936.4126678876677,267,2254,95
69,-811.7940019400891,349,2278,93
70,-1080.1001143009034,417,2260,124
71,-846.2030363155362,313,2261,89
72,-903.7857142857143,243,2275,100
73,-1036.4233333333332,393,2271,139
74,-1526.1214536024672,417,2273,149
75,-1200.7555555555555,368,2294,128
76,-1252.8477952012527,432,2255,150
77,-1305.6667737981604,409,2253,133
78,-1096.6791569541567,289,2261,127
79,-1069.0391414141413,370,2260,134
80,-984.9577922077923,344,2254,134
81,-1101.0207070707067,296,2257,126
82,-1264.1759494891073,253,2256,109
83,-1373.0190476190476,181,2251,84
84,-846.3311632811631,319,2254,131
85,-862.4722222222223,229,2285,84
86,-795.8034999483274,407,2256,127
87,-1219.0459096459094,308,2285,125
88,-649.6323792016808,444,2296,118
89,-1063.4530303030303,299,2252,100
90,-1070.1063113752157,392,2253,96
91,-840.0401116427432,358,2255,137
92,-1022.4170114199527,407,2260,146
93,-1116.8412280701752,382,2286,149
94,-1032.8039682539684,397,2250,156
95,-1104.1273954116061,196,2260,84
96,-1242.3400793650794,277,2250,105
97,-1307.4001082251082,213,2291,87
98,-656.2327052032933,361,2292,101
99,-900.354761904762,264,2251,109
100,-1425.8712715389186,282,2254,113
101,-1169.2982163669662,383,2256,147
102,-1119.1694390715666,383,2287,128
103,-1534.3332562174667,405,2252,143
104,-1016.7857142857143,337,2256,120
105,-1197.2750000000003,353,2258,121
106,-1145.6304928989139,294,2261,109
107,-1262.4117405582922,345,2257,113
108,-1014.6938785369219,376,2251,125
109,-878.271645021645,311,2250,116
110,-1345.840476190476,156,2255,76
111,-822.3318181818182,300,2274,118
112,-1151.452380952381,189,2254,83
113,-1271.0472868217053,366,2257,137
114,-757.7724386724387,310,2288,113
115,-1241.6532051282054,315,2281,121
116,-1132.7145992895992,363,2287,119
117,-900.0732933732934,251,2255,97
118,-1235.0210123210124,269,2298,121
119,-1174.7569444444441,416,2250,140
120,-1176.9629711343996,402,2253,127
121,-1177.3261904761905,246,2253,98
122,-1009.42005625953,402,2256,134
123,-1112.002010112221,390,2290,123
124,-1095.4840201465204,224,2290,74
125,-1051.533160159986,378,2272,124
126,-1035.1475209573036,381,2258,92
127,-1015.0053335553334,207,2295,77
128,-788.0430735930734,379,2256,100
129,-965.6602089268756,353,2256,118
130,-998.4927683427682,320,2256,133
131,-999.9125541125541,381,2260,136
132,-1321.7736111111112,170,2264,71
133,-942.9911976911978,203,2257,82
134,-1055.4982506382507,334,2261,122
135,-904.1137341153474,335,2253,123
136,-1071.348502886003,316,2279,127
137,-1236.3119047619048,399,2290,129
138,-1184.353077078289,404,2254,134
139,-1195.2110805860807,274,2294,109
140,-1282.4707792207791,237,2254,94
141,-1175.625,409,2252,132
142,-884.3153124061017,351,2263,123
143,-788.2104700854701,281,2257,93
144,-1087.7645021645021,340,2266,112
145,-1120.266588966589,484,2263,152
146,-1028.3657800532799,337,2254,118
147,-920.177051837052,437,2250,143
148,-1035.6744047619047,362,2271,130
149,-1232.0854472061776,199,2252,74
150,-891.3400560224088,463,2258,135
151,-1089.062728937729,152,2252,61
152,-1396.9044486215541,334,2252,133
153,-839.983380560739,351,2275,93
154,-929.68087431694,433,2255,152
155,-1146.9938586136798,367,2295,123
156,-1173.654063146998,309,2277,122
157,-801.0342520382842,310,2250,91
158,-1492.9072150072152,159,2283,87
159,-1068.2017965367966,381,2256,148
160,-1449.6499999999999,297,2253,137
161,-950.4391272978229,394,2256,124
162,-1120.8645572817984,389,2257,128
163,-882.7268199233716,386,2255,135
164,-1016.1131814264168,378,2260,136
165,-1110.8753246753247,188,2278,63
166,-1339.656926406926,187,2252,79
167,-1190.085861823362,250,2287,103
168,-1209.4191558441557,301,2250,127
169,-690.6281512605043,265,2250,110
170,-1032.8486154244306,343,2255,117
171,-1145.3597222222222,395,2261,154
172,-1103.6586996336998,316,2250,128
173,-1089.5119047619048,151,2260,63
174,-1024.272503969199,324,2252,122
175,-975.8357919857921,310,2254,111
176,-865.2436363636364,328,2250,93
177,-1084.595034279446,478,2253,144
178,-986.9696428571427,234,2282,100
179,-1514.1564859277044,453,2271,183
180,-963.7464052287581,316,2252,118
181,-1446.6872136422137,368,2270,150
182,-1049.7780188044212,414,2253,95
183,-1029.958912492736,377,2281,117
184,-1074.2305459246636,212,2251,86
185,-1450.5850408850413,351,2251,142
186,-913.2315656565657,218,2254,97
187,-1048.8914497969731,384,2255,134
188,-991.7309574441153,419,2258,154
189,-1138.1518025030523,420,2270,145
190,-637.3445992179863,352,2259,124
191,-1275.8469780219782,333,2250,131
192,-1090.137202999703,378,2286,104
193,-922.5100617842721,335,2266,117
194,-1126.6789682539682,397,2253,120
195,-1123.823600644803,367,2252,104
196,-1245.6554445554445,221,2259,91
197,-863.770242316785,428,2250,139
198,-1366.040476190476,254,2285,116
199,-887.8850038104833,453,2250,118
200,-895.7251803751806,302,2283,103
201,-1224.443067226891,271,2255,104
202,-1159.3299062049064,362,2286,139
203,-888.8799173257821,388,2251,108
204,-1099.3373143196673,257,2252,106
205,-1329.6920329670327,268,2281,112
206,-1039.6231391006015,341,2251,117
207,-986.5913919413919,322,2254,118
208,-946.2833333333332,387,2264,133
209,-1026.418253968254,258,2251,110
210,-1018.6192132505174,424,2252,148
211,-875.8497212931995,381,2251,132
212,-740.7135252199909,411,2251,118
213,-1219.8529186746173,443,2256,147
214,-1071.717150091288,248,2253,90
215,-1123.051329109256,322,2254,108
216,-1098.8796118447378,345,2256,115
217,-1257.572222222222,231,2257,92
218,-826.9624939768559,435,2250,147
219,-1307.9051872858324,399,2263,137
220,-1089.940455048827,349,2252,123
221,-993.4174167854655,428,2252,119
222,-1262.7496574118313,403,2264,141
223,-1235.3974747474742,206,2255,95
224,-1118.5401806526806,403,2250,135
225,-948.0178571428571,459,2253,133
226,-1151.5988721804513,385,2273,120
227,-807.1253174603175,398,2256,116
228,-1163.0236644498264,352,2250,131
229,-946.6341503267973,415,2253,134
230,-1012.5401091661962,270,2252,108
231,-1005.249025974026,288,2253,104
232,-1140.5151515151515,361,2260,123
233,-1028.5913103018984,385,2254,135
234,-1127.3242063492064,228,2250,90
235,-1117.2691919191916,199,2252,85
236,-677.4241119131199,370,2293,90
237,-1222.4738095238095,358,2250,119
238,-1023.5984307359308,236,2254,105
239,-1163.3343608876505,402,2251,108
240,-1019.1858585858587,154,2285,59
241,-1500.5880485527541,307,2266,132
242,-1073.6134515890612,391,2253,129
243,-770.2514240020565,432,2260,119
244,-1217.9325969781848,386,2286,138
245,-1033.169047619048,195,2262,79
246,-1062.3153644285997,327,2282,111
247,-1503.5060581317543,365,2268,147
248,-1196.4035714285712,203,2250,93
249,-1254.6523452559436,443,2289,166
250,-1291.1028277278276,417,2262,147
251,-1442.1154761904763,250,2289,132
252,-1005.0551830353555,415,2256,157
253,-1290.5676767676769,274,2258,112
254,-1423.4738095238095,186,2254,85
255,-1036.370323020633,412,2287,150
256,-1089.0666666666668,394,2264,110
257,-1258.8182900432898,351,2254,131
258,-853.3258735175451,396,2290,85
259,-1174.8073593073593,321,2282,144
260,-702.3252035002035,355,2253,115
261,-1275.8419413919414,251,2261,108
262,-1400.6274170274173,221,2250,81
263,-1163.3697138610182,386,2259,130
264,-866.1630080703611,371,2252,147
265,-1088.6166666666668,277,2270,107
266,-1135.7147893772894,176,2250,78
267,-971.5441391941392,252,2256,96
268,-994.5884370015948,240,2250,113
269,-1251.8262466307278,378,2251,145
270,-1386.3357864357865,436,2265,153
271,-1170.1467532467532,215,2265,99
272,-845.7464736652238,394,2251,139
273,-958.2193135522729,390,2259,118
274,-1043.322619047619,429,2281,158
275,-1326.6128094128096,388,2287,137
276,-1192.8238095238094,382,2263,133
277,-1328.976118326118,325,2283,136
278,-1025.3024979913039,426,2266,136
279,-889.414466089466,418,2256,126
280,-834.9719483599056,384,2253,108
281,-1049.9710194277268,347,2292,120
282,-850.3781808877395,272,2253,88
283,-997.3375349241137,402,2253,137
284,-978.6548629531386,318,2256,115
285,-1221.5082251082251,383,2260,146
286,-933.1757936507938,433,2250,132
287,-1211.2251984126988,449,2250,146
288,-1068.4041382557984,426,2253,124
289,-1289.7768278018277,361,2256,145
290,-1482.3493088782564,172,2280,81
291,-789.7235012260035,357,2253,92
292,-935.8089994972349,455,2252,156
293,-1150.6008852258853,385,2256,123
294,-1259.54,214,2271,96
295,-1049.3574609298748,368,2254,106
296,-1029.128941891442,309,2253,101
297,-1104.8325036075034,196,2262,85
298,-1226.178431372549,302,2251,119
299,-891.1108252858254,303,2255,114
300,-1272.2270673770674,382,2254,115
301,-840.496459096459,364,2252,103
302,-1039.2201298701298,340,2278,123
303,-1083.9730769230769,366,2252,109
304,-1349.452777777778,236,2252,105
305,-1002.7768449292646,426,2250,119
306,-1125.571774865525,364,2285,124
307,-1209.837717695774,422,2257,149
308,-1144.3200669156552,408,2289,119
309,-898.8817384370014,385,2281,111
310,-1256.831746031746,353,2250,137
311,-1232.8916666666669,232,2256,95
312,-885.5844816947758,417,2251,125
313,-850.3388888888888,418,2276,128
314,-1314.9574986316368,393,2265,165
315,-1107.0162698412698,362,2251,142
316,-1420.9431117100924,454,2250,167
317,-1225.2583333333334,172,2252,70
318,-1441.1478686943901,360,2279,133
319,-993.5662011418532,362,2253,102
320,-744.6182692307692,364,2261,107
321,-1191.6298469074786,233,2254,85
322,-1190.4178155178156,273,2250,116
323,-1068.847225233395,409,2288,120
324,-1144.8074074074073,291,2284,101
325,-935.591720044661,290,2280,116
326,-1157.8961602951038,374,2250,108
327,-871.3951070858967,372,2250,117
328,-820.0721833318928,350,2258,107
329,-1026.3422530426562,461,2274,150
330,-945.6208209918735,244,2259,102
331,-1032.5166125541123,215,2294,104
332,-1028.317824967825,373,2295,112
333,-953.743253968254,350,2251,118
334,-1323.1042735042736,259,2251,130
335,-1017.9010274039686,307,2251,110
336,-1062.9529942279944,396,2250,127
337,-1170.4879072681701,357,2290,120
338,-860.7807124035386,247,2250,90
339,-1324.3384920634921,225,2265,129
340,-886.5642184180655,427,2291,110
341,-1386.8965686274512,303,2250,122
342,-1290.3721611721612,298,2251,113
343,-777.4445256132757,322,2254,98
344,-906.1180532212885,403,2262,118
345,-672.9704507829231,392,2259,145
346,-1186.2660407980397,451,2295,144
347,-1094.9404884331357,368,2257,136
348,-860.0430952380952,419,2251,143
349,-1300.975432900433,181,2288,80
350,-1106.6596563901214,375,2253,118
351,-1011.2873515373515,379,2252,118
352,-883.2596153846155,335,2261,113
353,-1034.2302350427349,313,2252,115
354,-1172.2666666666664,228,2254,87
355,-1255.447478991597,350,2264,137
356,-1105.9111678618724,401,2292,119
357,-1232.1561145510834,353,2251,134
358,-949.1848290598291,391,2288,127
359,-1444.527056277056,175,2250,90
360,-1186.2036154205273,281,2257,100
361,-907.2739437463122,221,2253,70
362,-899.7316993464052,358,2260,135
363,-990.2841691735761,420,2278,139
364,-1299.0884920634921,185,2253,79
365,-1044.5927865612646,366,2274,126
366,-873.687380952381,414,2250,121
367,-1163.3632991382992,436,2251,130
368,-1359.9871804665918,376,2253,129
369,-1196.3102813852815,234,2282,103
370,-1131.1376373626372,403,2268,125
371,-1238.7904761904763,278,2253,122
372,-1376.6498626373627,228,2256,87
373,-1071.212393162393,316,2283,132
374,-882.7251953412944,391,2251,131
375,-1133.0491883116883,359,2251,116
376,-1147.0205643390425,303,2251,124
377,-1008.1264382960035,344,2252,125
378,-1164.1778695179264,421,2257,162
379,-988.1943722943723,244,2256,95
380,-917.2380056323603,406,2266,122
381,-1100.9673076923077,258,2278,103
382,-915.1388444888445,393,2250,124
383,-1140.6473762671437,220,2292,84
384,-1199.0285714285712,184,2251,85
385,-1463.5299145299148,186,2291,77
386,-1020.9311771192182,415,2255,116
387,-1460.6722816399283,395,2290,142
388,-1192.872310057093,223,2289,88
389,-1069.2135097662974,431,2251,150
390,-1160.226587301587,334,2258,129
391,-1004.4972943722943,213,2250,88
392,-1155.7078419664626,306,2251,127
393,-897.4658119658119,375,2284,122
394,-995.881830914184,381,2270,104
395,-1185.1966873706003,243,2280,104
396,-1178.313273001508,370,2263,127
397,-1119.2634615384616,220,2270,96
398,-1102.4255411255413,260,2282,105
399,-1066.2785714285712,283,2256,117
400,-1102.057857142857,223,2259,90
401,-1267.4363586604966,413,2287,146
402,-1181.112965955613,402,2292,150
403,-1005.7577098176153,432,2254,143
404,-1068.136806722689,280,2288,102
405,-1217.2030085110964,417,2282,162
406,-1035.2234813840405,350,2255,129
407,-1043.6812151737154,377,2251,109
408,-1163.021468735942,400,2252,159
409,-1001.4398809523811,327,2265,133
410,-1119.1277056277056,334,2251,111
411,-1035.204095904096,299,2268,114
412,-1160.844409937888,182,2250,67
413,-1321.6037301587303,320,2262,122
414,-1136.235303562788,387,2250,122
415,-1203.8270923520924,256,2291,103
416,-707.2337658325611,467,2252,96
417,-1328.3916666666667,240,2286,110
418,-935.0100216450217,401,2267,124
419,-1408.6849261849263,202,2260,96
420,-1277.2305026067122,372,2254,147
421,-978.0304195804196,210,2250,88
422,-1100.0239316239317,259,2292,86
423,-795.6834261628783,422,2255,119
424,-1352.095238095238,353,2293,131
425,-1293.0317099567098,295,2255,112
426,-787.9600815850815,198,2260,59
427,-1288.85051111679,429,2270,159
428,-982.9728418640184,336,2273,116
429,-1252.216017316017,247,2250,89
430,-1122.6828643578644,205,2251,87
431,-1007.1270948349894,254,2252,95
432,-527.9837729620145,401,2251,110
433,-1076.7467531007005,441,2257,122
434,-1089.0499417249418,396,2277,138
435,-962.9476190476188,344,2250,142
436,-1265.097619047619,223,2286,104
437,-1398.8096797938904,335,2255,143
438,-1341.3666508778576,347,2277,116
439,-951.9384615384613,277,2285,121
440,-1068.881118881119,406,2275,136
441,-1164.4076988371105,381,2255,140
442,-926.3727688369613,463,2250,119
443,-1275.0910256410255,181,2253,83
444,-1259.2464912280698,294,2255,107
445,-1292.6980698454338,337,2251,110
446,-1248.6140692640693,189,2256,85
447,-1288.4632898105476,394,2251,109
448,-1314.4696750058451,442,2284,157
449,-1133.5082112332111,384,2285,133
450,-1034.5364468864468,176,2272,73
451,-1028.7905982905982,337,2258,106
452,-718.9619047619049,234,2290,75
453,-1273.149200799201,266,2287,113
454,-1023.225541125541,292,2257,107
455,-819.5191548691549,312,2253,102
456,-1198.9602434602434,201,2250,79
457,-1002.673565323565,390,2253,140
458,-1149.5884343434345,241,2260,94
459,-867.6860880110881,315,2259,106
460,-646.051154866692,367,2259,107
461,-942.5130952380953,254,2272,103
462,-1412.2594055169636,221,2255,94
463,-1443.9478858784894,308,2250,100
464,-977.7335249042147,385,2251,117
465,-1058.3976984126987,383,2252,118
466,-774.5528397366971,441,2252,124
467,-1266.8291119956757,180,2263,78
468,-1117.8166666666666,188,2251,74
469,-957.7092093441149,365,2258,130
470,-1170.9823465749937,376,2250,148
471,-1138.3278499278504,291,2251,112
472,-1174.5886591478702,189,2277,82
473,-1025.3218253968253,268,2256,112
474,-1203.0743767726526,431,2253,125
475,-1472.450505050505,175,2250,91
476,-1089.1479972135144,297,2257,109
477,-982.1650793650791,189,2254,88
478,-968.8590574108431,374,2250,127
479,-1065.4963686677306,428,2252,124
480,-983.0078643578646,219,2253,92
481,-1145.0208333333333,300,2253,137
482,-1092.355188343994,317,2262,110
483,-1244.7263556704734,393,2295,123
484,-1172.4474206349207,194,2269,86
485,-859.4543997668998,414,2253,115
486,-993.2322871572873,439,2296,151
487,-996.4861319966584,414,2250,140
488,-1033.0515873015875,313,2285,125
489,-977.8450757575758,321,2286,111
490,-1321.2317181610663,304,2253,106
491,-1095.0653388278388,311,2261,110
492,-1100.1849314084607,381,2285,140
493,-1303.4545787545785,176,2252,78
494,-1140.0600649350647,370,2260,108
495,-1327.8346153846157,181,2252,83
496,-1354.9874847374845,278,2251,116
497,-1272.4285714285713,368,2288,138
498,-1079.7696969696967,245,2292,84
499,-751.3300865800868,225,2257,79
500,-955.2788784428966,318,2254,129
501,-1456.711045943304,319,2258,130
502,-1038.0888474810213,382,2257,137
503,-1287.3456060606059,357,2288,139
504,-1089.012320944638,346,2256,109
505,-1208.9449897586687,371,2251,109
506,-910.5419191919191,342,2253,123
507,-1079.206111111111,352,2253,134
508,-1210.096835571836,322,2257,116
509,-1328.7805555555553,178,2281,91
510,-855.2116383616384,333,2283,144
511,-822.9706982042347,405,2254,106
512,-1064.86347130333,360,2287,128
513,-1319.0431623931624,234,2260,83
514,-1075.4166666666665,247,2278,120
515,-1113.3360726230292,364,2251,141
516,-1095.209669027316,376,2258,142
517,-1115.8256105006108,184,2293,82
518,-1091.0841991341993,204,2252,87
519,-858.4953586150182,437,2291,139
520,-1079.89131080105,313,2292,103
521,-1294.915476190476,233,2266,82
522,-1000.068940781441,357,2274,130
523,-1218.7948148256974,297,2250,121
524,-1315.5024261615056,415,2257,135
525,-1108.431834831835,379,2255,100
526,-784.804226570531,293,2255,117
527,-1057.9128246753248,387,2268,145
528,-1156.8063906207644,357,2289,113
529,-1203.012345987346,385,2287,138
530,-1129.8001605882043,372,2252,131
531,-1297.0819624819624,313,2250,120
532,-1342.1256613756616,287,2295,128
533,-1038.5180402930403,353,2280,135
534,-844.1828449907397,374,2283,121
535,-1101.768180254558,344,2250,119
536,-1402.5870573870575,354,2259,117
537,-738.9613469863468,296,2273,92
538,-1314.4909134034845,331,2256,120
539,-1178.8080086580087,247,2288,85
540,-1000.7795004101507,325,2258,126
541,-878.0420995670994,208,2253,81
542,-1058.2293789543792,268,2259,95
543,-1205.463186813187,246,2291,92
544,-948.7300321988504,372,2255,109
545,-1291.9107142857142,306,2295,110
546,-939.8858784893267,365,2250,125
547,-1208.5992624008852,378,2252,132
548,-1120.4573232323232,258,2261,110
549,-1069.6537061794415,375,2251,141
550,-1022.4048992673994,422,2258,146
551,-1270.302777777778,244,2286,90
552,-923.8824786324785,358,2253,134
553,-1005.0709064327485,282,2251,119
554,-1095.7484030940054,425,2291,135
555,-1239.639357864358,342,2254,117
556,-879.5870004995007,428,2254,123
557,-991.0399350649351,285,2270,107
558,-1276.7196581196579,222,2287,110
559,-764.8692720530837,418,2253,106
560,-1050.3891025641028,248,2257,115
561,-1026.4718836718837,279,2253,115
562,-1103.5775793650794,334,2263,117
563,-1039.2435536935172,447,2296,94
564,-1210.678409090909,234,2288,95
565,-1099.4817927170866,303,2253,116
566,-1026.7246740514388,363,2291,118
567,-1053.6057936507937,399,2285,124
568,-1339.848873185638,411,2252,139
569,-1074.902801012547,450,2251,139
570,-1111.2721015826282,300,2270,107
571,-1213.374786324786,165,2253,77
572,-930.8350398393876,307,2253,113
573,-1104.978174603175,329,2287,125
574,-880.2984126984127,358,2260,122
575,-1123.5448426874123,286,2271,102
576,-1100.0320054945055,242,2267,99
577,-1377.5631007881007,391,2259,116
578,-1293.5353896103895,320,2251,118
579,-808.1722222222221,304,2258,100
580,-932.5645487682251,428,2251,115
581,-1401.2352130325808,348,2253,122
582,-1181.9246407121404,328,2267,119
583,-1302.2064935064936,341,2296,121
584,-1358.5905483405484,274,2278,121
585,-1184.9892316017315,280,2289,121
586,-1048.0578382999117,407,2254,127
587,-1012.7516218081432,368,2251,115
588,-1229.7064935064936,187,2250,87
589,-863.9287698412697,287,2257,95
590,-1018.5190559440557,206,2278,75
591,-1047.9861579003127,410,2251,134
592,-1085.0555555555552,191,2251,82
593,-1005.5938147507808,407,2252,118
594,-1388.2181992337169,217,2272,87
595,-924.2336834733895,357,2261,123
596,-679.0276972053289,386,2288,116
597,-803.5872426184926,412,2256,114
598,-1230.342262329174,396,2254,144
599,-868.4142857142858,258,2254,107
600,-1329.0791666666667,194,2280,77
601,-1232.659090909091,333,2260,125
602,-993.3976551226551,313,2285,116
603,-1253.8749084249087,153,2250,78
604,-973.6198953823955,295,2254,96
605,-954.5778785541945,444,2291,136
606,-846.037026862027,396,2250,97
607,-884.74325518253,372,2256,101
608,-1095.3213712757831,392,2251,138
609,-1163.6819624819623,250,2253,112
610,-1310.8439393939398,344,2286,148
611,-1127.1982726423903,239,2278,101
612,-1433.786111111111,318,2253,134
613,-1054.0761752136755,288,2250,116
614,-891.5922473867596,331,2264,117
615,-1240.3451348171454,427,2290,140
616,-1090.787639553429,404,2251,148
617,-983.9206735917754,303,2270,115
618,-1253.402207792208,366,2276,126
619,-1226.3166666666666,350,2252,150
620,-995.3522142958761,457,2254,134
621,-1332.4829365079368,171,2251,77
622,-777.9656059566224,412,2292,112
623,-1218.7956762192055,255,2270,107
624,-957.6593984962406,346,2255,115
625,-1056.7671717171715,318,2250,112
626,-962.6662094547964,423,2259,127
627,-1090.8261243851607,379,2256,127
628,-1278.9885975135978,406,2292,152
629,-1003.5850335148723,346,2253,127
630,-882.4541666666667,223,2252,83
631,-898.1165315077079,337,2250,116
632,-1025.870670995671,244,2287,88
633,-1141.4123376623377,253,2257,111
634,-1108.3042735042734,385,2262,124
635,-1047.4370811983717,440,2255,133
636,-1203.98667998668,369,2254,124
637,-791.3485583888728,320,2251,114
638,-893.2675505050504,281,2250,100
639,-778.1368041794271,426,2252,135
640,-1206.3,185,2252,90
641,-1086.9404761904761,240,2259,105
642,-740.8337662337663,346,2252,122
643,-1437.0954229484516,199,2251,79
644,-1215.9187423687426,373,2276,121
645,-954.3944660894662,423,2281,124
646,-1203.7896825396829,251,2257,106
647,-1059.1286583775322,435,2288,131
648,-908.8346150226585,376,2267,115
649,-978.1522033522035,261,2269,105
650,-932.6678571428572,231,2251,106
651,-1130.995287018917,388,2252,130
652,-1289.3351370851374,404,2250,141
653,-865.4590520590518,331,2252,114
654,-800.6535714285714,323,2293,103
655,-1154.9699314574318,206,2252,89
656,-1065.1655844155841,296,2250,98
657,-1087.6518648018648,415,2262,126
658,-612.1287498917591,482,2250,122
659,-650.7581020286902,400,2268,151
660,-1028.6918820735561,392,2297,109
661,-866.3377861489423,314,2258,107
662,-963.2294871794873,256,2254,98
663,-1079.0831274934214,382,2278,119
664,-1343.9902445507705,256,2255,118
665,-1169.8394609014172,323,2263,131
666,-1234.2531746031743,147,2250,74
667,-1490.5608141858143,279,2268,119
668,-1441.4490164805954,256,2294,123
669,-1023.0041244703009,329,2250,125
670,-1489.6770647653002,187,2261,81
671,-1096.1523197761546,409,2251,122
672,-1072.3437641723358,346,2250,138
673,-1064.2324786324787,329,2261,118
674,-796.2565903540902,419,2256,121
675,-1162.1918345543347,210,2253,81
676,-962.3536900599399,396,2286,112
677,-973.1963773069036,404,2250,110
678,-963.918482905983,451,2292,167
679,-1320.3437656641602,226,2252,100
680,-1004.7561624649861,356,2270,118
681,-1483.247619047619,399,2256,166
682,-1161.9402777777777,402,2251,137
683,-892.0637344957909,381,2252,92
684,-968.7201467666807,395,2265,124
685,-1128.6986770582362,417,2296,128
686,-947.4761904761904,256,2286,104
687,-1035.7160694326278,375,2251,119
688,-1120.376458038806,385,2250,87
689,-965.7536860198624,398,2252,124
690,-1008.1234187109185,265,2250,98
691,-1062.731216006216,169,2263,65
692,-789.2359126984127,295,2256,94
693,-1392.3191919191918,264,2291,110
694,-1093.7543867243867,402,2283,151
695,-1336.3436507936508,251,2255,101
696,-876.6521825396825,348,2251,117
697,-851.711111111111,319,2281,101
698,-1206.9287878787877,381,2254,146
699,-999.0651098901102,321,2283,124
700,-987.4224146749502,407,2257,121
701,-914.6242937617938,380,2250,139
702,-944.6741745182923,329,2253,124
703,-669.5966666666665,327,2259,113
704,-1127.516919191919,163,2253,76
705,-1144.621852868912,417,2272,142
706,-786.3595324361629,300,2252,97
707,-1134.2979020979024,371,2271,138
708,-1026.6741255215848,324,2259,93
709,-809.4726995226995,369,2259,125
710,-1042.5432194616976,330,2255,122
711,-966.1137920815553,319,2251,120
712,-999.8693313748399,436,2254,128
713,-1211.9258145363406,404,2287,127
714,-957.067081698789,424,2258,136
715,-957.7819733044731,353,2287,133
716,-1015.4852453102453,384,2255,138
717,-915.0608666025335,422,2287,134
718,-820.9970230419699,413,2253,114
719,-1262.5460784313725,167,2270,73
720,-1109.0185878449035,316,2250,115
721,-1289.0346825396828,175,2252,79
722,-1365.5360752843646,420,2250,132
723,-1178.2860986458827,348,2255,113
724,-1529.4940476190475,136,2250,71
725,-1189.3863791228935,335,2282,122
726,-1410.5827006327006,432,2251,145
727,-1052.453144156213,344,2251,112
728,-942.1313492063491,377,2269,117
729,-1045.4119042994043,424,2252,140
730,-1134.8113211951447,222,2250,82
731,-942.5983200425306,340,2250,125
732,-1093.4696401637582,425,2258,168
733,-1069.2878193701724,485,2256,173
734,-1023.6639822595706,336,2278,115
735,-1002.2446248196248,212,2277,93
736,-810.8248917748919,317,2276,120
737,-959.6251526251527,367,2257,104
738,-1334.419047619048,271,2257,125
739,-1013.6148388648389,458,2251,165
740,-921.4416666666665,167,2257,75
741,-1161.11406641604,384,2257,120
742,-978.8472222222222,174,2250,74
743,-1233.5443693693696,195,2261,86
744,-1420.7916666666667,155,2250,79
745,-994.0860209235209,366,2250,105
746,-1300.5064643394428,355,2250,126
747,-944.4209274959275,380,2250,133
748,-895.5679403929403,453,2250,135
749,-1176.9065203114742,233,2289,92
750,-1188.8912350546282,399,2260,116
751,-1315.4829365079363,230,2258,85
752,-815.0451431894486,393,2252,122
753,-1355.9412087912087,366,2284,126
754,-1414.8270338587754,446,2250,155
755,-1215.3386554621848,424,2251,172
756,-1127.8947055137849,355,2251,104
757,-897.6820346320345,299,2262,113
758,-1195.4175865800867,293,2287,97
759,-1080.4705793463463,430,2251,146
760,-859.8532790309106,328,2294,99
761,-1319.6169104851697,467,2287,170
762,-1119.4714285714285,351,2263,121
763,-1033.1425597250395,387,2250,114
764,-1075.8191475191475,355,2250,127
765,-1168.6716153127918,294,2253,106
766,-1269.2888888888892,250,2274,98
767,-1428.1600602296257,343,2254,122
768,-1176.5176513029448,459,2255,153
769,-948.6541308649432,435,2277,96
770,-1117.6962749615973,289,2252,109
771,-1131.473629148629,423,2294,136
772,-992.1090250329382,309,2266,121
773,-964.4958242737657,408,2284,151
774,-1066.4299450549452,251,2252,104
775,-887.1905379504217,364,2291,129
776,-1254.3996031746033,267,2286,107
777,-886.4570300209396,408,2291,115
778,-1330.7111111111117,185,2251,88
779,-816.1783403963004,433,2254,118
780,-1000.3471584787761,281,2250,104
781,-1363.1334722295248,246,2253,106
782,-1130.0921717171718,247,2266,96
783,-867.9722653163828,367,2259,105
784,-892.4507177033491,277,2250,108
785,-783.6349206349208,346,2251,144
786,-1201.032181237382,403,2289,130
787,-1167.881898587047,375,2250,141
788,-1103.7818070818073,333,2292,114
789,-1006.9896632089084,372,2254,114
790,-1088.215624287993,394,2252,143
791,-999.8792768810843,410,2285,122
792,-716.2896825396825,400,2251,112
793,-1203.8048931342412,389,2255,115
794,-1015.7360960144928,375,2252,105
795,-1293.957992831541,360,2250,117
796,-802.8240079365079,395,2266,131
797,-971.5922268907563,254,2263,109
798,-1166.366073007452,371,2254,107
799,-1172.3119047619043,270,2285,85
800,-753.2883089133089,432,2267,141
801,-1202.1120632635336,341,2264,124
802,-1098.488888888889,318,2292,122
803,-1066.180128205128,332,2253,119
804,-1107.878986060236,380,2251,147
805,-884.5470601237844,376,2256,116
806,-826.0103174603175,270,2252,92
807,-1242.6784382284384,438,2290,128
808,-1376.8617992718334,404,2252,115
809,-1358.8451724000633,369,2250,128
810,-1080.6759327262776,419,2284,122
811,-1225.6074094811495,399,2268,138
812,-1110.5711834733893,409,2279,144
813,-986.3143557422968,239,2286,111
814,-1236.5405959157856,369,2270,125
815,-859.6872571872572,337,2290,128
816,-1134.4963125763127,224,2252,106
817,-943.7516180037456,462,2254,123
818,-897.8584827870541,439,2254,141
819,-1358.8142339544513,252,2283,102
820,-699.730402930403,264,2250,80
821,-1279.0891025641026,213,2259,98
822,-1149.6269230769233,240,2280,95
823,-1197.5852813852812,303,2252,135
824,-1263.9226399331665,319,2256,114
825,-910.6370098306294,422,2284,107
826,-1059.056474519632,315,2252,104
827,-1231.5738178488175,322,2256,123
828,-1078.6104797979797,373,2251,128
829,-1011.6335893497185,416,2257,104
830,-1391.041055718475,340,2251,116
831,-1141.8690476190477,248,2291,104
832,-1064.9894149132524,348,2274,119
833,-1013.1409753645049,369,2261,135
834,-1026.5515873015875,322,2251,104
835,-1314.5265177224735,304,2257,134
836,-1029.195555120555,307,2254,93
837,-1179.222306998557,322,2285,111
838,-878.1380952380952,201,2253,86
839,-1251.841516816517,283,2250,118
840,-959.3626906318084,349,2256,99
841,-1189.7381334351924,270,2257,97
842,-1186.984090909091,236,2259,89
843,-1161.6495337995336,415,2254,111
844,-1042.4436396936396,412,2287,115
845,-1075.7738018482696,411,2261,133
846,-1119.4753487253486,353,2269,143
847,-1196.7469155844155,443,2287,159
848,-1010.6807692307693,209,2253,80
849,-852.2825280651552,392,2253,137
850,-1026.4972222222223,320,2270,114
851,-1208.8044071544073,364,2252,109
852,-977.1354136604136,387,2291,129
853,-1137.3609332326687,377,2264,122
854,-970.2551495016613,399,2250,143
855,-923.0106240981239,347,2252,111
856,-1134.5896464646464,292,2297,96
857,-1480.3132034632038,300,2264,108
858,-1136.809099234099,410,2256,131
859,-1045.0821513242565,392,2265,120
860,-954.292591539666,382,2289,123
861,-1189.4880411255413,301,2256,119
862,-1158.2030191073295,462,2268,175
863,-1034.832048219979,396,2251,102
864,-746.9631575045961,348,2251,118
865,-1069.1393678160919,176,2263,70
866,-1287.4166666666665,305,2252,118
867,-1153.218373112874,307,2254,116
868,-939.4166666666667,253,2284,98
869,-1036.3317890442888,441,2287,150
870,-1180.5102113572705,466,2284,144
871,-1140.7798828622356,445,2254,151
872,-1042.7041752933058,294,2262,111
873,-907.7193362193362,256,2256,85
874,-1167.8089857854563,333,2257,89
875,-1231.897582972583,278,2285,98
876,-946.7087301587303,328,2268,108
877,-1208.779365079365,166,2275,69
878,-926.9232905982907,198,2257,67
879,-1104.5836407553797,370,2290,121
880,-1126.6501082251084,185,2254,73
881,-1019.5242424242424,435,2260,141
882,-1111.946978021978,428,2287,146
883,-1104.549496100826,424,2256,142
884,-1023.5880194805195,336,2258,123
885,-995.2421802054157,316,2252,97
886,-1236.2691520467836,383,2286,141
887,-1232.106684981685,309,2254,128
888,-1319.8273809523807,208,2251,84
889,-847.8903743315508,362,2280,142
890,-1259.8526469473732,378,2258,140
891,-1365.252958152958,358,2251,134
892,-792.0746753246754,329,2258,93
893,-944.2782843967625,297,2262,90
894,-987.1274524187569,389,2254,99
895,-997.3686147186145,334,2269,109
896,-1147.57012987013,400,2286,138
897,-1118.4641774891775,316,2257,122
898,-859.0338255435712,364,2284,128
899,-1136.4743107769427,340,2274,126
900,-1037.070104895105,235,2262,88
901,-1181.671012012679,436,2291,118
902,-1250.152480469722,216,2290,91
903,-1341.4008526357368,346,2251,141
904,-1272.6881408065615,301,2251,106
905,-1133.5710317460316,362,2269,129
906,-1331.9399572649572,170,2255,90
907,-1100.9878787878786,272,2251,107
908,-1139.331385281385,261,2268,95
909,-844.7223453017574,433,2252,139
910,-1113.687143610288,446,2255,125
911,-1041.6135753135752,261,2256,122
912,-1330.496869848113,365,2252,117
913,-750.1242424242427,316,2287,111
914,-1500.5726890756296,185,2288,88
915,-678.2750762776507,317,2254,80
916,-1044.0993570928554,360,2250,102
917,-1353.2244623655913,231,2251,96
918,-1351.7291666666667,448,2254,166
919,-937.5369047619045,270,2274,97
920,-996.9465811965811,380,2257,131
921,-1192.2508935508936,395,2260,136
922,-1037.4567318942318,347,2251,112
923,-1085.299675324675,365,2253,157
924,-1130.634792473608,374,2270,130
925,-1083.8920634920637,308,2281,102
926,-1280.485317460318,244,2285,112
927,-1344.6538461538464,160,2250,82
928,-1091.9452020202023,300,2284,108
929,-933.7484848484848,358,2293,110
930,-894.2932142857144,361,2252,130
931,-1123.900992063492,346,2252,123
932,-1027.675,313,2251,118
933,-1216.7690476190476,218,2250,89
934,-959.1793133766819,402,2290,112
935,-1063.31094017094,418,2285,138
936,-1135.478391053391,304,2253,125
937,-1016.38682983683,185,2253,73
938,-837.3980672105672,353,2252,116
939,-1131.2908730158729,264,2294,111
940,-1200.9199328449329,320,2251,128
941,-1192.2342436974789,321,2268,126
942,-1069.1460963013596,285,2266,107
943,-762.3066485658592,393,2280,95
944,-1036.874587489805,307,2268,137
945,-1047.8321645021647,240,2255,95
946,-932.9367569249923,334,2252,107
947,-1239.4210533910536,404,2264,148
948,-1176.4603858784892,375,2254,157
949,-765.0762976057094,398,2289,117
950,-879.1272304324028,230,2271,72
951,-807.2801587301587,289,2292,100
952,-990.5004578754578,376,2255,112
953,-1184.9063653779174,304,2254,126
954,-1078.1946733821735,368,2262,117
955,-1090.0991127715859,464,2271,144
956,-752.064784732176,337,2255,88
957,-1327.9090909090912,211,2252,97
958,-1130.2977272727271,209,2271,78
959,-860.5387794778571,416,2265,110
960,-988.9422077922076,230,2256,80
961,-1298.1357142857141,260,2294,107
962,-993.9181584755115,387,2250,104
963,-882.037518037518,409,2260,150
964,-1084.6292613636365,393,2251,136
965,-949.3949633699634,326,2292,120
966,-1381.7990231990234,233,2250,104
967,-1192.8145078605605,378,2262,126
968,-1102.779482141214,442,2254,150
969,-1114.4142857142856,175,2252,79
970,-1021.3761072261071,431,2251,137
971,-950.8872710622711,388,2284,112
972,-1001.330303030303,211,2255,100
973,-1064.7792360864942,397,2265,139
974,-1109.7286574536572,334,2256,126
975,-942.631746031746,169,2250,69
976,-907.8564393939392,328,2255,132
977,-1154.3609279609277,371,2259,128
978,-1255.0241200828154,360,2271,110
979,-1093.8769230769226,379,2251,112
980,-1255.3187789306708,253,2289,85
981,-1219.775362318841,279,2255,107
982,-1153.1013818860877,275,2292,104
983,-946.274361224949,440,2253,129
984,-1301.307086622954,388,2250,116
985,-899.2810245310244,302,2297,114
986,-1277.45594009594,423,2251,154
987,-891.8226731601732,314,2256,101
988,-1050.9211793480779,395,2250,149
989,-965.8757173382171,244,2254,83
990,-1304.4198412698413,304,2253,134
991,-1253.384523809524,262,2294,128
992,-1095.5380230880232,361,2289,138
993,-984.9657265573932,397,2260,120
994,-1134.5324291912575,371,2276,137
995,-1195.6938387635755,365,2265,139
996,-1092.5424524750613,362,2286,131
997,-950.9071428571427,253,2261,102
998,-1076.7473727924462,424,2250,148
999,-1390.7717611336031,373,2291,139
