0,-400.39265179265175,287
1,-226.76641252134613,587
2,-429.89964757464764,179
3,-437.40944643591706,444
4,-403.8235030306238,371
5,-421.93732177320885,464
6,-334.962049062049,237
7,-258.1857452791596,243
8,-485.32580948463294,383
9,-214.5628860199193,374
10,-324.71588637393876,690
11,-307.04475589769714,261
12,-344.0552054154996,158
13,-343.20675742386265,297
14,-456.4882575757576,385
15,-467.11810942325644,269
16,-442.0598290598289,230
17,-572.8470588235293,161
18,-357.7877409845057,529
19,-360.19213281312307,651
20,-378.27506870233015,356
21,-296.808195970696,241
22,-327.93629825459095,411
23,-289.41862581862586,350
24,-234.86652930402926,359
25,-319.73044039294047,285
26,-218.33216629842792,370
27,-363.8111075781353,393
28,-395.1949807330612,489
29,-291.1580192683134,512
30,-637.3444383394384,450
31,-460.1610969749205,281
32,-254.04216552132155,352
33,-457.542786717926,330
34,-358.5613717723625,293
35,-484.07045911604723,310
36,-368.66350957422844,531
37,-300.40063408813415,441
38,-392.4606276606276,275
39,-347.19577497763623,508
40,-533.7392135642135,185
41,-306.3135194054311,283
42,-305.11789967564715,402
43,-320.2406736538316,329
44,-299.45972222222224,329
45,-459.69108946608947,166
46,-333.53289874924326,526
47,-383.82057291367636,210
48,-237.6321524064171,436
49,-412.01614225882525,447
50,-318.6991886914256,368
51,-206.1644826451386,368
52,-446.75040161705937,324
53,-339.9077285459638,385
54,-538.9773378828174,503
55,-417.999401882769,447
56,-418.0094280719281,455
57,-317.33243423243437,347
58,-247.06976302724755,607
59,-297.35772383389104,426
60,-288.35516819981325,325
61,-383.7853212576896,505
62,-381.8398364707188,354
63,-270.02421850315073,277
64,-382.44030056518,463
65,-301.6095991377722,386
66,-284.46844486782567,418
67,-301.6865384615385,253
68,-357.2037049476705,421
69,-292.7213121582191,478
70,-296.0961465667348,255
71,-384.5652466983701,580
72,-263.07614514317095,336
73,-374.32653012192486,239
74,-299.11242160617155,242
75,-474.6881313131313,241
76,-260.4712224078603,491
77,-288.11077895658076,589
78,-296.7454790823212,382
79,-342.4985172617691,502
80,-551.1556998556998,230
81,-313.30404174428946,265
82,-299.7470958244195,351
83,-375.6967492652275,232
84,-218.51363891117606,534
85,-239.71247329192633,906
86,-342.67305299168845,379
87,-454.9903273801437,686
88,-358.52109735912103,630
89,-314.947619047619,361
90,-581.2865603663477,373
91,-268.89134150163557,292
92,-350.6777056277057,257
93,-261.9602005851338,443
94,-338.06751164724284,648
95,-363.53528086244125,540
96,-254.09535675676986,378
97,-243.18203455964328,380
98,-331.0269463063819,213
99,-385.111156898657,302
100,-452.10541125541124,198
101,-380.07361111111106,212
102,-244.28819709840988,431
103,-450.7438163144045,422
104,-348.5778998778999,632
105,-293.8772679880971,848
106,-467.5429749820483,416
107,-530.2797193641823,302
108,-298.5593752157146,559
109,-342.6502042419225,306
110,-328.1171834113011,456
111,-363.34983159255614,393
112,-242.97264194139194,346
113,-337.13842170900983,385
114,-318.73376623376623,189
115,-247.2997588160632,505
116,-247.7150122391298,678
117,-519.0233965767634,321
118,-305.5788820341634,560
119,-294.6056956931957,371
120,-285.48647767588557,692
121,-424.1813447221206,458
122,-284.2075704986266,608
123,-332.8577180129811,214
124,-405.6330010985182,476
125,-283.6103594147072,493
126,-264.5394161394162,407
127,-344.8207742449123,367
128,-266.9001026751027,370
129,-310.7111305361305,324
130,-395.085431999799,296
131,-334.87787202563516,343
132,-338.19753522621164,354
133,-215.39133936239202,344
134,-363.40082972582974,225
135,-255.0558107224583,483
136,-464.73763458763455,274
137,-338.840768588137,412
138,-271.6093092093093,316
139,-314.8253663003662,379
140,-323.6780350226642,599
141,-444.79918546365917,251
142,-287.3662632202106,266
143,-395.871126422597,316
144,-245.20342650125932,339
145,-346.05830558330564,316
146,-230.91369806663926,460
147,-418.1698412698413,145
148,-364.81635924275236,373
149,-318.1494658119658,313
150,-311.7459075646576,606
151,-413.433801819096,215
152,-278.86465917123803,551
153,-428.68043623043627,235
154,-366.3209287444581,283
155,-342.1484376734376,341
156,-281.56465169291255,435
157,-254.21618629908104,263
158,-363.2956966036026,646
159,-321.20562493062505,205
160,-356.22442557442554,253
161,-387.60432491485125,183
162,-380.67316849816854,401
163,-268.6258444998706,413
164,-262.090776679461,392
165,-211.7147951937075,349
166,-475.71024622874927,545
167,-233.34217409574552,326
168,-250.1197624977138,334
169,-302.5145573380868,328
170,-157.23431342622516,475
171,-446.1208848341201,254
172,-227.55455556541773,583
173,-425.5563852813853,300
174,-340.91793086140905,322
175,-315.89095895934133,549
176,-376.6706043956044,289
177,-145.4728804754406,683
178,-483.4617673992674,475
179,-394.6371794871795,325
180,-275.0961103191294,508
181,-262.1798837736338,353
182,-337.1335639506691,297
183,-270.7866994933172,487
184,-300.7241455404499,277
185,-358.02391156970685,487
186,-356.5015641221524,254
187,-284.67134809634814,274
188,-465.63155015629445,346
189,-395.26314102564106,431
190,-309.6371325106619,477
191,-424.0568235273498,443
192,-249.26412508200437,393
193,-249.64383394383395,277
194,-279.37280497280494,261
195,-435.84227335466466,402
196,-314.0934409218233,231
197,-236.92060664404116,543
198,-261.4288875598086,257
199,-296.67955606485026,381
200,-464.6240249946132,222
201,-418.776460427931,348
202,-250.72316084328463,313
203,-249.51322170076045,410
204,-275.79367115837704,355
205,-423.4493858091424,460
206,-342.11880619380617,351
207,-340.5709014669541,406
208,-359.00251510185717,243
209,-268.03219937956777,251
210,-323.22097043053566,303
211,-338.63710317460317,302
212,-492.8491214195162,337
213,-212.35982987600636,301
214,-245.8688925969112,295
215,-274.7835716095235,541
216,-240.6291496770102,490
217,-320.68015183740994,416
218,-264.4720874713522,311
219,-244.62685434720316,277
220,-260.11406888261376,369
221,-243.24622080449544,581
222,-275.3955502830503,333
223,-223.80278643715553,451
224,-290.6490533464043,629
225,-234.87796364727492,643
226,-280.42205208584517,316
227,-296.91463603018485,312
228,-190.04203291134172,604
229,-267.03668831168835,340
230,-277.21514193999855,581
231,-288.80705372833165,436
232,-240.58165679349892,526
233,-309.0832560422034,369
234,-273.81532103066877,805
235,-369.1658496732027,270
236,-418.06506940914835,493
237,-311.86180331106806,348
238,-364.0594346829641,502
239,-219.94764814039004,337
240,-265.88302074570447,895
241,-229.37781081663434,769
242,-390.00541183726665,475
243,-310.1612432373268,286
244,-316.7050120123314,458
245,-301.87040143764284,472
246,-422.46130624714715,256
247,-228.01202551928364,558
248,-246.00129976176885,587
249,-261.54674859454275,595
250,-458.9394244644244,259
251,-346.06446324143695,186
252,-458.7060547295842,401
253,-220.32756021211912,574
254,-244.00873811860654,332
255,-271.30333514314475,514
256,-296.50621514371505,468
257,-270.26284204271826,301
258,-213.1183650674722,494
259,-243.90139751552792,348
260,-304.7818054494525,362
261,-360.25029485478404,193
262,-286.5780749725312,515
263,-204.45615429966458,278
264,-324.6456609176558,426
265,-268.91947729633483,498
266,-319.4616508491507,454
267,-342.86442658853986,404
268,-245.701774829334,522
269,-223.1498349634237,499
270,-195.7846311605566,370
271,-223.37420104794052,474
272,-258.8777999778,327
273,-271.5600693852218,298
274,-269.7689546564547,402
275,-272.89584233946624,467
276,-263.3051176893282,393
277,-140.90915751809717,474
278,-239.43287668716133,511
279,-275.22938172938177,461
280,-294.897537365159,344
281,-294.02935251023484,257
282,-190.7412267557004,426
283,-321.7158474142345,265
284,-219.37346362787537,394
285,-266.8691669810728,336
286,-269.82225269010166,321
287,-266.91334016860327,300
288,-336.45478701123443,430
289,-399.39376552039255,371
290,-203.27361005008063,307
291,-285.4887740601807,555
292,-290.6007492507493,388
293,-259.9947549606692,777
294,-281.5830862360893,532
295,-282.42822723085874,498
296,-284.71962566844917,369
297,-350.1579842571222,305
298,-287.56906813097146,518
299,-317.7654012654012,306
300,-304.23111172453287,429
301,-442.8083333333332,250
302,-240.5503332414899,314
303,-409.13929360113565,558
304,-209.0719418795186,513
305,-337.7011872930991,257
306,-266.13941470715656,355
307,-338.64374879506465,302
308,-340.2178407236981,544
309,-189.9076795749832,502
310,-254.82282405042898,393
311,-383.23478831110407,292
312,-292.47293243403175,432
313,-218.8034172887456,690
314,-268.00781204347766,587
315,-362.8081873418037,599
316,-194.08971547458387,391
317,-342.7004747703277,292
318,-256.4787670903601,460
319,-285.2941727354771,391
320,-256.5133852258852,204
321,-421.4262201031387,824
322,-361.68981018981026,291
323,-218.44330778870255,540
324,-235.36725930301785,641
325,-413.5011841100075,441
326,-215.32297279500094,392
327,-202.9837409322703,246
328,-377.28158622423325,385
329,-222.89516857079897,910
330,-137.1424490326967,443
331,-222.87602136485097,574
332,-305.61858755019625,533
333,-330.44812214812214,342
334,-237.43644593710383,381
335,-309.4767436620237,728
336,-157.28179662324155,1167
337,-307.04609553253607,1184
338,-236.70577588611204,402
339,-312.91817996936277,569
340,-334.0535230334419,556
341,-234.80530621339446,273
342,-198.86707058618822,509
343,-333.2517714995404,455
344,-284.4759847509848,442
345,-249.2857599738994,316
346,-302.67303242079566,332
347,-302.7982835104352,588
348,-238.22374382927015,421
349,-400.4317203284457,559
350,-367.6339363523187,393
351,-259.5573872807619,718
352,-362.11988289724866,663
353,-311.9524629125059,232
354,-319.86518338297117,729
355,-447.4590354090354,365
356,-253.37202649244983,344
357,-307.6115464944412,230
358,-96.77388077701409,802
359,-375.82958159803513,409
360,-356.1060832957892,310
361,-232.49184124698826,500
362,-275.53779933368025,862
363,-280.534860972361,253
364,-137.7321240110463,623
365,-242.28527044421014,373
366,-229.844246031746,265
367,-318.2356633132949,390
368,-448.57202636218864,480
369,-330.75771156947627,327
370,-352.97221055088704,374
371,-295.6689880269473,423
372,-330.524804770393,209
373,-269.46250000000003,432
374,-164.27677844127547,598
375,-337.2953874342032,366
376,-292.14954481792716,337
377,-414.98306355667034,242
378,-197.72558029649534,1155
379,-288.16034471204756,422
380,-323.45295086492456,335
381,-365.71752911691,409
382,-249.82047135870664,507
383,-399.8465168044889,331
384,-499.13415799017923,489
385,-424.8084795156534,378
386,-381.04132767816975,528
387,-251.21644796427339,563
388,-326.5159423909424,266
389,-277.51867946867947,323
390,-363.0728124909568,497
391,-412.61938163315875,280
392,-317.05831709105405,514
393,-285.4641088191626,400
394,-227.86759333266838,577
395,-251.33999000408576,461
396,-303.6729251949071,1079
397,-271.682834993225,636
398,-432.8170517348149,299
399,-312.4323707654353,282
400,-489.26321850663953,214
401,-286.28740842285396,261
402,-405.44758070876486,358
403,-274.0364788045422,366
404,-281.85020521123033,479
405,-298.1323944029827,348
406,-462.230670995671,308
407,-284.684257518797,370
408,-237.0055837648941,412
409,-259.41527510755196,449
410,-355.6498346467774,228
411,-242.63914272861638,463
412,-459.2321222526155,486
413,-249.71390856506977,850
414,-296.05097490229065,343
415,-313.72795260295266,328
416,-362.77074880316815,478
417,-369.256791533768,514
418,-290.699261534492,564
419,-324.40407046403107,732
420,-270.49342439697693,324
421,-260.26529060819684,318
422,-256.20512926897305,377
423,-207.8881351911782,759
424,-447.4599421825033,496
425,-274.42071518316203,468
426,-193.40974723827824,325
427,-404.70732061515156,298
428,-335.94209564944856,459
429,-330.3118295195428,455
430,-247.28294705722828,464
431,-323.0044539610716,370
432,-251.27489177489176,183
433,-220.32857208230402,982
434,-279.64239322768736,330
435,-257.3836841708115,812
436,-164.21102771868183,775
437,-549.0204842945286,544
438,-287.2416666666667,217
439,-424.3580478345184,227
440,-409.4536488238011,523
441,-364.62514474689397,363
442,-210.64853375022443,635
443,-328.80490065490073,339
444,-271.1181257631258,390
445,-371.608471176154,459
446,-188.98552607523192,478
447,-340.0908486628314,455
448,-216.53638583638585,250
449,-283.3825396825397,357
450,-322.32972703316494,762
451,-408.5091849462151,280
452,-373.6394465203096,496
453,-668.1901260504201,291
454,-218.12877359568537,516
455,-253.09499209155962,421
456,-270.9917113397083,346
457,-330.81505994005994,370
458,-305.2996923685605,310
459,-283.4292853892041,420
460,-236.75150093370686,240
461,-430.9872527472528,333
462,-453.2473925832622,257
463,-240.19017511393272,499
464,-301.07984515484515,361
465,-272.3309763439175,368
466,-237.1035714285714,190
467,-212.55816731756818,823
468,-190.3202223675765,927
469,-320.1018089185608,401
470,-297.0615934789847,581
471,-302.5623029748029,395
472,-283.8730493514118,450
473,-501.04404337492565,231
474,-216.09954734807675,521
475,-263.0801059481941,547
476,-162.43485710593205,608
477,-349.82120346973295,385
478,-220.5027898830729,641
479,-219.52821298513356,584
480,-273.0187321069472,398
481,-425.8532467532468,209
482,-194.66640410839204,276
483,-475.19014868573686,389
484,-279.82265869709835,457
485,-259.87256278579804,314
486,-318.4791600187471,595
487,-285.2905489591248,423
488,-388.7577968642984,227
489,-379.0699021763677,450
490,-225.5317668040875,752
491,-215.28832424885053,344
492,-301.36812367915314,407
493,-282.5612054681822,429
494,-564.7035087858563,324
495,-346.05222639933163,282
496,-171.5289805711481,399
497,-238.04328739165553,466
498,-204.50231784540998,421
499,-334.1825433538588,614
500,-258.4211846053917,297
501,-264.5147846219828,375
502,-191.73344344116077,304
503,-235.90575734938005,600
504,-287.08306934293773,421
505,-322.10103424297137,238
506,-263.2834172632763,901
507,-207.30103437656697,614
508,-251.88283783695255,511
509,-271.16100149850155,259
510,-233.55238546856194,401
511,-206.5180007776763,384
512,-294.61374269005853,241
513,-544.8501443001443,303
514,-201.40640660436276,367
515,-239.98343418610773,521
516,-281.88277692477203,495
517,-299.3105366855367,342
518,-210.38478114038384,351
519,-439.07861947993524,275
520,-291.1059114006804,375
521,-247.73760329286648,433
522,-259.9429415785453,324
523,-158.09841438412693,492
524,-270.9546550671551,185
525,-195.4039068774363,439
526,-273.22874331550804,401
527,-287.6647311022311,373
528,-202.16004076871215,411
529,-291.71694995176085,481
530,-173.59784759194778,625
531,-324.97240814740815,227
532,-361.9054279054279,228
533,-247.70886822704315,408
534,-300.6382737287839,323
535,-266.9286625547655,291
536,-443.2504901960785,279
537,-221.89101520729605,471
538,-316.41925936382455,316
539,-270.9983888660359,280
540,-454.4524643039886,276
541,-329.6286156653804,255
542,-223.09537627123834,523
543,-265.42292756593736,320
544,-352.5919302919303,377
545,-310.60646619462415,424
546,-162.12931346464046,455
547,-174.42265996757828,315
548,-366.06859806859813,296
549,-345.6060495060495,406
550,-268.0306010003069,306
551,-360.6363185833774,288
552,-250.13419095524355,242
553,-395.44318177878023,399
554,-357.4731601731601,292
555,-206.68391403992425,414
556,-318.9394326716194,586
557,-336.86947818263593,726
558,-215.44691748442057,367
559,-275.7592594116124,480
560,-297.60707495119266,508
561,-209.3375360064547,268
562,-363.83974440592084,334
563,-392.2611111111111,397
564,-238.40654782094413,298
565,-364.36639604948425,273
566,-342.35097402597404,120
567,-206.42609399511574,369
568,-336.0670967670967,315
569,-255.85325994054256,308
570,-338.036193516938,346
571,-353.67773321449795,243
572,-195.1470008539207,708
573,-239.63502747252747,401
574,-231.70128993679876,512
575,-337.35952019565514,603
576,-299.2858892225765,388
577,-334.0494250847192,295
578,-310.3888015493278,325
579,-173.8538043496437,434
580,-379.36042988216906,406
581,-516.8285746932806,331
582,-126.51033139370195,664
583,-258.83132703045743,342
584,-321.26411859631133,450
585,-401.01416083916075,358
586,-144.1542972995949,686
587,-180.96626523201599,276
588,-310.2106442577031,334
589,-359.52441855530094,305
590,-269.29268941487607,598
591,-307.6742350644525,354
592,-376.9878660555131,290
593,-434.8274436967135,409
594,-261.03865132503773,450
595,-252.11350765025634,558
596,-207.822024877559,610
597,-342.4456232492997,316
598,-245.0700893788663,524
599,-262.06808513043256,483
600,-299.3094123197064,464
601,-293.7090058809739,314
602,-293.4290693504122,558
603,-504.24643175452,343
604,-252.41900137813448,398
605,-298.91509840964915,697
606,-359.0286722264662,418
607,-243.19238934084674,345
608,-256.185318278213,903
609,-189.0852169072757,323
610,-318.1422987640379,310
611,-280.3536654135338,374
612,-258.58258914998044,226
613,-316.1662500284551,405
614,-262.24094360232135,319
615,-180.92457276121073,296
616,-256.49812382601465,336
617,-268.6902958152958,234
618,-519.43234066866,318
619,-272.5093783456687,585
620,-306.89393402524075,341
621,-236.67737335763647,386
622,-240.69594363969367,259
623,-268.5637548117993,330
624,-370.4996170609709,412
625,-318.3648110858309,516
626,-276.64171599599234,592
627,-295.46682435211846,232
628,-306.82409479409483,376
629,-201.1661226318484,324
630,-266.40723288386334,261
631,-201.122995778731,438
632,-305.83505218952587,475
633,-260.8216554532499,305
634,-333.4857216313098,325
635,-270.19861446173365,474
636,-364.8971445221446,315
637,-357.4623049035587,220
638,-237.90579045137866,383
639,-273.8622958568779,407
640,-335.4596336669866,393
641,-487.8317733990149,316
642,-211.2120691151385,480
643,-296.24803307287823,483
644,-147.35318957962377,1154
645,-163.9898591174907,352
646,-443.3046464156759,474
647,-385.21641151471044,632
648,-265.33247834037314,409
649,-321.61893800643804,293
650,-249.3511926841648,204
651,-393.2078163547753,661
652,-336.246626984127,309
653,-339.9695939509407,355
654,-205.46190451048093,391
655,-310.02394380981343,578
656,-312.26582004596713,355
657,-232.95776584526584,271
658,-255.80894236482473,272
659,-429.80478927203063,303
660,-272.4352892419136,529
661,-261.31188248026484,291
662,-240.94006911217443,286
663,-181.76576448218955,669
664,-395.7291996187507,496
665,-310.9593813870231,602
666,-203.3743566432421,357
667,-519.2890748140749,351
668,-193.52018675768676,384
669,-212.42714319993732,421
670,-241.11886193516628,314
671,-284.78149967679377,447
672,-326.9516101953602,321
673,-318.65944570135747,220
674,-266.4686977413943,440
675,-196.27342584995262,316
676,-300.41013036310426,429
677,-307.23528255370366,194
678,-528.8670506622832,282
679,-236.1484631009028,658
680,-325.28569632981396,343
681,-378.455829791871,296
682,-339.33688869609927,546
683,-211.2062104336434,805
684,-202.4202507795776,605
685,-169.33198490965518,303
686,-264.81248196248197,316
687,-178.52258534016013,561
688,-294.08149347119934,362
689,-355.52283437006497,377
690,-335.92260479760483,243
691,-226.92728937728938,410
692,-297.0467949056934,383
693,-340.0058608058608,237
694,-328.58683253683256,550
695,-177.9530958420665,456
696,-362.30318923422647,274
697,-284.01970467821434,301
698,-360.01813631381407,367
699,-215.80032066367613,643
700,-253.56251526251526,224
701,-316.04344891509606,382
702,-264.5725877192982,244
703,-394.114064884391,389
704,-318.32343212343216,408
705,-303.6018177330944,395
706,-366.92942606106095,391
707,-287.6091086691087,389
708,-272.0047845785023,775
709,-312.7022934545961,379
710,-238.80883283383284,356
711,-472.02901635401633,291
712,-226.82660552151805,481
713,-315.0920634920635,299
714,-407.0516338924234,254
715,-277.48120442359567,290
716,-211.1886588575079,834
717,-301.6681940643897,381
718,-240.12118437118437,508
719,-365.31693584193596,325
720,-316.81246445583224,291
721,-165.0178308219636,727
722,-364.11506672552696,321
723,-301.062829596299,547
724,-314.82860195360195,294
725,-250.06546934128025,359
726,-336.776158415458,301
727,-343.7221886991103,416
728,-182.3295224297546,402
729,-363.29590190543536,452
730,-324.7422197083962,216
731,-316.7685781830462,300
732,-298.8582905303444,256
733,-263.44787365994466,461
734,-479.16700715950714,294
735,-255.82800279785576,328
736,-385.3708690743125,272
737,-301.01232538147434,264
738,-276.3199978353704,419
739,-270.84482184482175,432
740,-236.98586870645693,453
741,-291.15863858363855,511
742,-266.0289824738828,375
743,-308.1736697513013,393
744,-231.44046860002746,341
745,-331.19895466851983,326
746,-299.6367155720096,251
747,-241.1362137862138,393
748,-262.39669913419914,289
749,-231.39057444138967,436
750,-346.7207146808568,368
751,-478.59451198311496,292
752,-256.4827605401134,373
753,-351.0823628727654,368
754,-338.8237407228787,322
755,-350.2281995781996,258
756,-287.28724310776937,328
757,-458.7789354436412,374
758,-306.008325813971,369
759,-317.3837301587302,166
760,-279.1990716180372,482
761,-284.5090869157942,522
762,-465.576906508524,382
763,-330.90236351812445,519
764,-215.24138681790487,290
765,-194.73469753930283,362
766,-369.3375053051523,240
767,-377.02471139971135,285
768,-204.5651145955494,328
769,-419.9659553788072,331
770,-308.6276251526252,264
771,-346.18776778776777,281
772,-138.9851268993711,536
773,-223.56715587044533,278
774,-245.7598912797442,471
775,-168.34815482719893,425
776,-313.30357142857144,369
777,-430.0705086580087,327
778,-430.49670329670323,280
779,-449.6038406038406,335
780,-227.54324082779965,220
781,-299.8457175965796,329
782,-307.3471593765712,265
783,-378.44179154179164,274
784,-368.647759226535,325
785,-388.343696049147,268
786,-386.6160839160839,234
787,-327.5680714022819,229
788,-277.1678882850456,373
789,-307.3765873015873,277
790,-464.3135151670035,390
791,-262.5892471513161,475
792,-465.38037518037527,427
793,-280.1267732267732,381
794,-410.0522987225195,494
795,-408.5099025974025,356
796,-341.8516214779373,266
797,-447.0023389727244,257
798,-442.45924944938105,235
799,-336.7063748598129,220
800,-321.6030081030081,221
801,-269.3171130248198,283
802,-332.71634132121756,328
803,-303.2930174962433,364
804,-338.73970656536443,439
805,-446.5057236227824,501
806,-262.29216115411936,306
807,-372.356315253374,188
808,-304.5498015873016,267
809,-303.92102278352286,516
810,-253.48532896927634,414
811,-302.35858479755535,313
812,-305.2660456373692,202
813,-420.3656119673977,270
814,-234.05569985569986,228
815,-281.35568880723685,347
816,-318.91061618979575,264
817,-346.61998527788,401
818,-448.39369883642337,213
819,-269.68611613611614,341
820,-297.4439240547937,328
821,-214.21679726648767,409
822,-295.7269255808867,646
823,-315.2564335852471,396
824,-209.10496382702266,455
825,-318.64013482514065,424
826,-293.59609557109553,177
827,-363.6302542229012,315
828,-426.5401515151516,216
829,-313.49978322331265,227
830,-242.50332125603867,293
831,-407.7730693366095,341
832,-426.278354978355,264
833,-267.44781781399433,302
834,-499.89658630774915,301
835,-301.36327561327556,267
836,-311.9515873015874,301
837,-371.730903235251,252
838,-206.3562920223911,407
839,-371.90176767676763,288
840,-314.32714605655786,240
841,-266.7003302253302,279
842,-210.83616084208194,328
843,-322.0174603174603,224
844,-348.1592796092797,241
845,-381.2564248699329,292
846,-262.9150371850372,398
847,-215.6473175960868,569
848,-214.25650482415188,403
849,-179.7173008281172,405
850,-250.30677655677653,241
851,-334.2044749368278,244
852,-414.6380508828089,260
853,-280.5086482961483,392
854,-364.087914822106,407
855,-211.69147537647538,368
856,-224.3544865737977,316
857,-291.3215367965368,228
858,-290.85839794999396,379
859,-259.4561175752352,311
860,-266.44645770632485,274
861,-353.99451381951377,346
862,-336.7300697238778,365
863,-363.72664334816284,323
864,-156.0685005075728,381
865,-432.3910435483662,290
866,-313.95137464874307,277
867,-304.3909146409147,177
868,-286.9327552392568,368
869,-217.45489140489144,349
870,-371.36592312915843,347
871,-295.4701144979752,467
872,-292.04538563876133,237
873,-205.15499220471784,475
874,-324.6761570129217,238
875,-279.4526274651275,244
876,-297.46600016770293,336
877,-289.6073009849101,364
878,-336.31809388868214,239
879,-318.9354709016475,219
880,-414.369426815015,378
881,-397.9122655122655,311
882,-175.12184245102722,573
883,-304.398713081724,229
884,-244.44832265846276,437
885,-243.88002285289537,545
886,-275.0957109188514,389
887,-363.41420703479525,413
888,-368.78802308802307,241
889,-278.12354312354313,298
890,-313.28188831959113,391
891,-184.17484182484182,347
892,-231.39761110990995,437
893,-288.1806680161943,227
894,-292.93002928444105,262
895,-325.28085918810217,452
896,-314.0629778696535,328
897,-331.4644291581598,412
898,-286.193210590579,386
899,-235.44733502608506,370
900,-293.59129370313576,459
901,-142.3880680898348,547
902,-311.99663917523833,390
903,-272.42410521195353,411
904,-233.9662976290943,392
905,-265.5286760023602,349
906,-262.56456390831386,306
907,-256.42532589155957,382
908,-478.25346728434965,209
909,-245.64856727379953,356
910,-250.20810836023057,472
911,-273.4351526226455,473
912,-262.21617841223105,331
913,-384.7974568270604,346
914,-282.8986792962799,310
915,-180.06823197411907,358
916,-253.63576504693054,570
917,-215.06271457300872,278
918,-209.17391055778657,433
919,-284.43089883409357,310
920,-445.1794295573707,371
921,-167.95729593363205,642
922,-328.0296592296592,290
923,-320.71819978745475,483
924,-368.92234015984013,265
925,-262.57502358752356,311
926,-331.7970263415049,369
927,-214.09420531976988,513
928,-392.5837148962148,150
929,-246.2625208125208,187
930,-220.0930416805417,288
931,-323.25249978779374,447
932,-394.43582766439914,190
933,-279.725,246
934,-230.85566611750826,362
935,-337.46322463768115,257
936,-240.93035298035298,264
937,-169.18088603862597,279
938,-311.32549175970223,305
939,-266.56381886087763,334
940,-254.95192875579875,442
941,-561.2987194112194,306
942,-301.6250693355957,354
943,-293.43527981680154,188
944,-281.4007834649011,335
945,-339.377793040293,369
946,-331.392137927432,281
947,-356.7528042423917,477
948,-266.7279574925456,334
949,-553.20415858665,412
950,-181.8078013661605,350
951,-411.8067969612088,248
952,-279.35968933027755,263
953,-344.5815701455408,354
954,-353.06203194953196,342
955,-389.02778679920846,350
956,-420.1198679098679,310
957,-263.91872720302956,481
958,-279.28735948735954,360
959,-229.63438884688884,403
960,-489.36759768009773,198
961,-225.03253120892552,590
962,-271.0550419853051,272
963,-353.926127140833,250
964,-257.22360509860505,188
965,-235.74281590448473,523
966,-337.25937715665987,260
967,-227.68901877153755,264
968,-280.4475848712691,239
969,-345.30087719298245,202
970,-327.4786276468629,314
971,-252.32491410398387,419
972,-328.3249988854958,300
973,-197.812394283563,361
974,-372.7729425545214,190
975,-409.9384726384726,165
976,-178.54900031742142,445
977,-286.9777971433688,312
978,-200.46456751281056,367
979,-208.52588808250576,314
980,-250.8258950485581,394
981,-232.10183414255994,349
982,-422.2519917280787,341
983,-300.625633094504,404
984,-207.21316884869518,357
985,-330.50027809972886,446
986,-287.03369963369954,278
987,-246.42439110597007,229
988,-274.77762066365005,245
989,-227.89747261793102,305
990,-432.7376207126206,323
991,-380.8390476190477,199
992,-282.3972840283211,301
993,-283.9172797790445,272
994,-267.8141636141636,292
995,-292.2971954352837,324
996,-423.1142916938583,273
997,-221.72455438849298,358
998,-346.23023504273505,429
999,-311.74640625657867,435
1000,-480.56598547651174,341
1001,-289.6767765567766,291
1002,-221.26543313705028,424
1003,-368.21457636566333,270
1004,-425.6217046842047,276
1005,-206.07375133107874,401
1006,-393.81240784321545,285
1007,-358.0188985241635,452
1008,-271.008163663362,393
1009,-308.9919497169497,227
1010,-379.0379008625782,346
1011,-338.0014748896328,306
1012,-290.6498670919723,233
1013,-265.3629886045327,307
1014,-310.76506521680545,264
1015,-344.2043740573153,245
1016,-315.10606131341433,302
1017,-289.324864024864,177
1018,-226.94173243537128,373
1019,-404.214300976801,329
1020,-303.36826436569083,339
1021,-264.33763148068437,350
1022,-252.17198568974882,313
1023,-414.79729437229435,119
1024,-185.88014841476107,532
1025,-314.03084554334555,246
1026,-357.7504433514496,203
1027,-289.274639331257,323
1028,-348.47750582750587,284
1029,-418.7172084013547,362
1030,-290.96625188536956,330
1031,-301.7641326297961,312
1032,-331.96017953436524,416
1033,-345.4488881517519,290
1034,-345.97946550229153,466
1035,-256.5899662837163,456
1036,-326.45611153552335,261
1037,-243.07694248475983,311
1038,-272.0531135531135,131
1039,-268.52203608181867,415
1040,-214.25211402082112,425
1041,-273.65685615554037,287
1042,-402.23767485050456,331
1043,-485.03344468031975,409
1044,-310.19073287823295,268
1045,-320.8917360245534,264
1046,-330.48886785728894,331
1047,-256.30032256810523,411
1048,-404.1479162177692,245
1049,-287.33679785127146,391
1050,-311.0431609578161,445
1051,-341.0917499167499,451
1052,-232.62447692106198,475
1053,-159.28245184639914,444
1054,-297.0152714932127,364
1055,-214.57591436341437,285
1056,-300.6513930722316,381
1057,-497.6912658909719,247
1058,-220.30476525835002,369
1059,-266.19659549670195,487
1060,-335.09209572361743,285
1061,-354.5203282828283,175
1062,-274.26655936655936,323
1063,-307.92629940016184,502
1064,-263.4901249636157,317
1065,-215.63203889427302,287
1066,-329.93518758764753,356
1067,-315.8223638380172,336
1068,-224.9933426465972,400
1069,-269.22928460428466,348
1070,-252.7594053005817,382
1071,-421.7612382062382,292
1072,-212.60715253734168,275
1073,-217.92047343494713,445
1074,-290.6619760141819,314
1075,-258.85603174603176,303
1076,-272.97947797300736,340
1077,-284.49079339160886,573
1078,-215.06683451091348,210
1079,-208.94860926247128,425
1080,-350.5101204351204,221
1081,-282.55313205313206,280
1082,-285.57108356759517,257
1083,-393.3664044289045,270
1084,-296.5291199372335,372
1085,-257.96506478834067,338
1086,-323.8501718096146,301
1087,-389.63903180153187,201
1088,-321.2985306403263,190
1089,-285.25945227154136,353
1090,-251.8079363710294,386
1091,-357.7361416361417,252
1092,-336.9475113122172,258
1093,-205.4228798978799,384
1094,-413.1569597069597,286
1095,-212.45224149157073,421
1096,-363.5801095791034,275
1097,-374.32974617974617,417
1098,-247.5553531567526,330
1099,-493.4715811965812,301
1100,-265.6399322169059,397
1101,-277.90475525936057,452
1102,-321.0560016836635,387
1103,-233.6781160366066,412
1104,-354.88373698373704,225
1105,-246.71544363359376,270
1106,-288.0272024758867,164
1107,-306.54295337015924,437
1108,-307.3767222440815,269
1109,-449.1508870214752,343
1110,-342.0635861722818,323
1111,-220.24483455721435,594
1112,-314.6539980502291,192
1113,-261.993258963259,410
1114,-274.31828523123,444
1115,-241.97438345967757,314
1116,-245.30062174194254,416
1117,-223.30940170940173,404
1118,-306.8149008399009,224
1119,-294.1729622680842,217
1120,-327.52470862470864,409
1121,-318.4505004856003,349
1122,-216.5943241012978,524
1123,-238.73184478919777,296
1124,-300.4663036580323,371
1125,-220.86788256257142,414
1126,-296.414394888737,420
1127,-313.83422133422124,364
1128,-284.4106560222034,450
1129,-302.2190198690198,271
1130,-255.0152370290528,213
1131,-314.64854216784994,202
1132,-329.1717514941199,219
1133,-357.1771008403361,398
1134,-281.398604903868,318
1135,-406.66369562976706,429
1136,-320.30463980463986,308
1137,-376.4822237403119,244
1138,-429.64537238956274,229
1139,-279.8394176931691,205
1140,-359.372268907563,175
1141,-333.6956534049026,384
1142,-314.79439416792366,305
1143,-195.44827360024107,396
1144,-236.74628334045704,434
1145,-231.80739061662973,362
1146,-258.9979931832873,339
1147,-303.494696969697,174
1148,-265.5563283938284,440
1149,-197.18188633262162,397
1150,-298.8955587521495,501
1151,-260.87688939536764,321
1152,-313.1574472724072,261
1153,-386.26062271062267,236
1154,-252.13099491088624,310
1155,-213.94968350696442,265
1156,-336.1277933616091,375
1157,-635.2769841269842,167
1158,-339.9243494036064,319
1159,-405.94436010118727,461
1160,-222.56990988829224,468
1161,-488.53713450292395,318
1162,-552.1345392004347,311
1163,-242.1710791294189,421
1164,-346.8783496732027,349
1165,-348.34446621386275,321
1166,-525.9746031746031,128
1167,-445.60211843711846,222
1168,-382.6764340234929,266
1169,-272.7541974365504,348
1170,-316.8625403492277,237
1171,-231.92618377494543,319
1172,-322.41574960127593,248
1173,-345.54763158126326,422
1174,-140.7147052216759,598
1175,-451.5065406815406,424
1176,-192.64790199181343,644
1177,-349.91788725538726,221
1178,-287.6248413917198,371
1179,-254.77668849751717,420
1180,-275.24414795730587,384
1181,-204.2249368420724,512
1182,-223.17884190767438,658
1183,-333.7117424169585,612
1184,-318.3879634426461,325
1185,-283.75679598179596,169
1186,-250.84889277389274,386
1187,-255.8958910241805,236
1188,-327.46957299236703,250
1189,-342.94517418855656,371
1190,-251.45679678508623,331
1191,-265.50939981071554,265
1192,-329.73208020050123,302
1193,-306.17685788710384,349
1194,-228.01899913811673,248
1195,-382.8166575820855,401
1196,-426.0844014547962,339
1197,-299.84630842130844,326
1198,-210.0722696893749,228
1199,-237.7473556254044,316
1200,-378.14374649859934,277
1201,-329.01353507603505,213
1202,-393.82382750100135,327
1203,-287.40510274039684,249
1204,-207.18229710376767,433
1205,-259.85708513708516,426
1206,-288.86605687747453,548
1207,-253.93956336061598,386
1208,-279.1003607503607,233
1209,-261.67226880446697,351
1210,-271.16590913282096,328
1211,-257.5954784688995,346
1212,-222.58236394668285,328
1213,-223.5335652093005,362
1214,-271.56033031597224,475
1215,-380.05353535353544,210
1216,-327.9816089955796,286
1217,-225.77641904878752,235
1218,-223.56718694226257,499
1219,-359.3911240720064,277
1220,-272.0283135520781,356
1221,-431.24890248640247,296
1222,-355.6691142191142,257
1223,-331.9205766787932,310
1224,-498.7969877344877,280
1225,-245.55839469670113,310
1226,-300.7594738594738,209
1227,-340.26547594562305,537
1228,-316.08634470105056,221
1229,-264.07637362637365,148
1230,-600.3546918767507,145
1231,-394.9778835149525,273
1232,-312.65623260088273,403
1233,-307.89069288928715,331
1234,-531.3534283959284,418
1235,-209.13359892712236,375
1236,-267.80855587294207,449
1237,-371.7356053532524,198
1238,-310.29784597627315,283
1239,-301.7068164482352,200
1240,-279.3968918508392,345
1241,-528.785841935842,383
1242,-421.96300103405366,232
1243,-312.07229853479856,171
1244,-382.59010156510163,249
1245,-210.07727187028658,208
1246,-288.9934389140272,259
1247,-347.2114704739704,341
1248,-279.13965310052265,349
1249,-237.5765134762039,223
1250,-293.93171779910904,273
1251,-165.60118772194966,575
1252,-269.40977901484484,471
1253,-240.32440206851973,329
1254,-309.7381937506937,272
1255,-308.74843489843494,407
1256,-306.93599901560424,362
1257,-261.0027848613375,214
1258,-512.7669955044955,222
1259,-401.99302340038753,377
1260,-297.0901413066395,337
1261,-278.1823078881902,333
1262,-180.7393157496099,342
1263,-252.01870702826585,265
1264,-228.68765747664492,329
1265,-265.45196870123345,471
1266,-241.7085327254445,294
1267,-185.71179976398025,537
1268,-365.60467310467317,380
1269,-305.451800976801,388
1270,-358.5857906799083,240
1271,-265.602611801683,412
1272,-176.19679756517993,360
1273,-427.71338712966633,385
1274,-264.0006493506494,289
1275,-228.9522588522589,269
1276,-247.6941860072295,237
1277,-262.1352844596737,298
1278,-290.61511478717364,271
1279,-309.4541272736925,414
1280,-337.29622645838083,438
1281,-271.7340992340992,274
1282,-281.8149281475369,427
1283,-220.24802268881214,358
1284,-270.43383299706835,235
1285,-322.33420110591163,379
1286,-202.23278478057892,235
1287,-220.4648690443682,296
1288,-431.26288375367324,175
1289,-483.2245467368929,325
1290,-396.8028308619485,253
1291,-331.3094877344877,285
1292,-309.4938751446411,356
1293,-280.4936451706189,408
1294,-267.10948785476654,359
1295,-294.6660523910215,334
1296,-347.3113780669321,358
1297,-424.7008411310202,349
1298,-311.02279664779655,189
1299,-304.4357081364197,407
1300,-356.36251063751064,334
1301,-276.2638011988012,236
1302,-309.4532394033555,327
1303,-285.6931358845832,269
1304,-379.1007242757243,277
1305,-291.13476800976804,269
1306,-437.25723165723167,263
1307,-190.816862026862,309
1308,-184.0878808910388,281
1309,-218.17257574297048,386
1310,-310.1081288732232,492
1311,-310.7326520575257,265
1312,-319.4882004968212,229
1313,-229.85304928989135,313
1314,-369.7009468259788,344
1315,-278.63023613813084,374
1316,-273.8148431977379,427
1317,-283.7774689391069,363
1318,-285.8356795981797,317
1319,-267.2001021853963,252
1320,-289.0876941971751,314
1321,-290.61309082644215,332
1322,-336.8324342324342,249
1323,-341.36715453924467,257
1324,-363.1105647594025,326
1325,-257.8373089226764,302
1326,-205.9091840375522,429
1327,-359.3115995115996,223
1328,-276.8001348892653,332
1329,-336.85946275946276,176
1330,-255.75237398928888,444
1331,-265.4704889313585,249
1332,-234.80811918559598,237
1333,-397.53719752469755,211
1334,-319.29815342036704,259
1335,-248.88693127870175,417
1336,-260.66485187452935,412
1337,-261.8659856483386,288
1338,-317.1206165781243,399
1339,-294.3275577838451,374
1340,-286.3004398379398,276
1341,-301.6958037576459,238
1342,-258.19870879120884,288
1343,-269.60835661287604,414
1344,-331.0200355200355,453
1345,-288.6379310017468,221
1346,-212.45112435723888,408
1347,-220.11124303672983,399
1348,-242.49304665922315,317
1349,-368.5774783448465,442
1350,-272.5971254704311,453
1351,-223.97231363407835,336
1352,-192.56404363633126,425
1353,-365.57054008793136,207
1354,-231.03501622646357,368
1355,-371.4442332901944,491
1356,-345.07988816738816,197
1357,-239.46621702670092,499
1358,-481.94940476190476,253
1359,-305.2774114774115,292
1360,-451.82367290096124,280
1361,-354.03139376962906,260
1362,-420.04791984975805,253
1363,-211.5270091020091,218
1364,-271.2773660979543,265
1365,-270.0809467528777,400
1366,-228.12236348446874,323
1367,-269.2660674470457,240
1368,-237.20180370798792,371
1369,-303.9039280164279,352
1370,-395.58775142985667,407
1371,-215.76492673992675,267
1372,-575.8843101343101,127
1373,-220.9640692861927,377
1374,-267.7223944514267,243
1375,-400.3187369082531,175
1376,-327.13667508961623,214
1377,-263.5108446700359,528
1378,-224.91773194126134,296
1379,-289.6343226218226,274
1380,-273.32755984578046,645
1381,-296.3337095652885,330
1382,-367.9870333978886,428
1383,-329.1520104895105,239
1384,-280.0236787819819,537
1385,-210.3179048892284,245
1386,-363.95628815628805,351
1387,-278.20980211665386,355
1388,-311.36952488202485,278
1389,-306.1729756958018,270
1390,-435.81753246753254,327
1391,-257.8273482236717,258
1392,-633.963888888889,169
1393,-235.04337851690795,256
1394,-398.2118440039493,181
1395,-220.3798309178744,394
1396,-284.4219170970516,372
1397,-234.31062291723396,290
1398,-211.18964115949413,280
1399,-324.15448818654465,252
1400,-294.7602120832384,335
1401,-381.2400488400488,275
1402,-225.29868623808252,429
1403,-346.2432868992717,666
1404,-248.42113025863028,297
1405,-186.7758691463884,640
1406,-411.0198873758604,437
1407,-233.97380952380954,293
1408,-386.08321132272744,309
1409,-221.72711392633784,245
1410,-258.58109860443625,239
1411,-194.1854217391369,221
1412,-248.25313978607696,328
1413,-277.2161673949859,328
1414,-242.45500514312812,411
1415,-323.73931817106114,335
1416,-346.6212662337662,245
1417,-243.17863399070833,291
1418,-463.9288716051302,246
1419,-455.91406084795284,375
1420,-262.0201511938354,272
1421,-274.08759417053534,262
1422,-239.3252311414076,312
1423,-316.42419613066664,307
1424,-331.8628787878788,320
1425,-601.6792207792208,213
1426,-242.0222515595934,340
1427,-271.8818070818071,223
1428,-246.62227511051037,298
1429,-385.11698228671924,258
1430,-158.88061992604293,484
1431,-370.17271062271055,223
1432,-233.62249358828305,365
1433,-271.9406304013446,416
1434,-287.5679158904391,311
1435,-280.2607634224014,286
1436,-324.77681989063575,301
1437,-664.6453484381116,325
1438,-456.0980937191464,291
1439,-200.18182560903148,252
1440,-305.3264557905862,210
1441,-231.6444421944422,308
1442,-201.35376143621536,473
1443,-346.9076423576423,393
1444,-325.2979167636426,440
1445,-494.1973443985457,264
1446,-411.5687396753573,166
1447,-266.95283941675774,331
1448,-442.46950354609936,373
1449,-433.70277100350637,333
1450,-283.4770741989421,399
1451,-255.4065947940948,296
1452,-242.30934898434896,303
1453,-374.8468841634575,447
1454,-216.71162196499156,373
1455,-332.02601174195604,304
1456,-241.15942943365545,388
1457,-216.66693807138856,402
1458,-306.6366652671,323
1459,-334.5971203632969,267
1460,-281.0992481203008,235
1461,-144.6060151660197,477
1462,-158.48100774354643,333
1463,-266.7394340953164,268
1464,-352.7535075470321,394
1465,-349.0031790561034,276
1466,-424.41993364885815,381
1467,-391.94105910429437,223
1468,-377.669872039725,241
1469,-523.59418767507,221
1470,-382.5599173702115,308
1471,-217.93803192421618,332
1472,-214.50842828482146,333
1473,-238.08192357844996,272
1474,-380.5904519809693,344
1475,-227.72347440571127,216
1476,-289.45000873427983,452
1477,-271.0979076479077,225
1478,-272.25009924063636,381
1479,-262.23382889040784,229
1480,-272.0722406978987,286
1481,-324.5863636363636,203
1482,-327.31395502645506,314
1483,-370.0253681101508,406
1484,-237.96956564677146,355
1485,-388.3527777777778,319
1486,-343.6036227188703,237
1487,-239.12506583487706,417
1488,-318.69467566746977,389
1489,-396.895944888445,336
1490,-260.68901174934456,417
1491,-272.24069264069266,239
1492,-302.7022727272728,180
1493,-167.52859057799745,317
1494,-227.21722999223,191
1495,-276.6184343465143,530
1496,-351.84802999288286,226
1497,-289.2142823842824,206
1498,-274.60177211779893,337
1499,-319.91027831817297,377
1500,-318.91165675756463,374
1501,-398.752600807765,369
1502,-237.408238983239,350
1503,-247.95810080324054,488
1504,-200.37372880387585,714
1505,-301.22974410499984,385
1506,-423.88947218240696,303
1507,-329.9600854315341,315
1508,-335.1771669077396,284
1509,-349.9321089041677,460
1510,-279.26959776334775,468
1511,-331.39783411033403,199
1512,-315.9288405374075,261
1513,-540.9197163947164,316
1514,-233.58850139196886,249
1515,-243.79422897364077,420
1516,-319.6295351785559,316
1517,-178.18328523328526,461
1518,-324.54358403034877,275
1519,-302.81215034965027,293
1520,-216.54919034669035,452
1521,-247.91590822031998,284
1522,-331.4570100756944,306
1523,-454.13736523624294,467
1524,-230.63706927747174,368
1525,-353.9053007803008,226
1526,-235.5762283768863,271
1527,-368.73777242506293,429
1528,-412.2459706959707,145
1529,-420.9067146817147,389
1530,-254.2334436467982,673
1531,-142.38463647906553,817
1532,-449.7789639596604,409
1533,-355.00785362298524,326
1534,-313.82460317460317,229
1535,-231.16533605283607,263
1536,-343.50825702075707,250
1537,-293.99152155034506,274
1538,-286.79088988496886,365
1539,-324.4484813117166,336
1540,-323.0261123379545,376
1541,-327.0790657410222,285
1542,-247.4646091138963,433
1543,-281.4873923968751,201
1544,-549.3977594594157,421
1545,-304.1671924257373,356
1546,-274.17933177933185,272
1547,-253.38392040783344,364
1548,-258.2484965938454,231
1549,-475.9059157217053,273
1550,-223.14395502905728,369
1551,-392.48979105186,366
1552,-284.4753049157304,291
1553,-251.310541470913,379
1554,-448.0996157437334,320
1555,-224.7124505928854,361
1556,-320.23497744085984,279
1557,-272.3343137254902,244
1558,-426.7189788281893,358
1559,-302.33790683001206,218
1560,-350.9922268907563,276
1561,-326.6579280196928,375
1562,-188.1416336791127,321
1563,-322.13524743230636,358
1564,-437.570099272073,398
1565,-351.1408591408591,211
1566,-309.74285714285713,183
1567,-313.3690476190476,250
1568,-329.16367986351247,351
1569,-422.0875278745868,430
1570,-316.77775443510745,403
1571,-343.9792286145227,239
1572,-397.4861522165543,498
1573,-213.76254774637127,276
1574,-252.51138352139802,353
1575,-289.9319304276736,382
1576,-230.4472749472749,322
1577,-291.9514861772215,383
1578,-292.80087516113065,244
1579,-285.0815476190476,251
1580,-266.5053647376016,218
1581,-340.9402386871815,188
1582,-395.0300859590821,248
1583,-154.78795730413376,340
1584,-284.4749994882679,436
1585,-301.7902255212093,422
1586,-321.1265873015874,229
1587,-335.9257395382395,315
1588,-203.81894806744626,589
1589,-471.15360750360753,237
1590,-387.91510711510705,377
1591,-404.4285306197071,282
1592,-151.17592666592665,316
1593,-306.7156925590749,234
1594,-220.1188891200333,543
1595,-285.63946133387304,434
1596,-321.4074079429343,267
1597,-406.8876465983277,290
1598,-408.92137815744627,275
1599,-290.3034318751424,412
1600,-474.27214631773455,324
1601,-433.7156416682733,248
1602,-226.166606106312,343
1603,-247.92148407148403,245
1604,-266.51013014763015,239
1605,-283.38575757575757,348
1606,-328.216271168445,310
1607,-318.94174269228614,290
1608,-250.1098340548341,294
1609,-220.41935033565468,373
1610,-231.69717259864316,337
1611,-182.49133756553192,308
1612,-586.277976048719,217
1613,-283.9406332229862,203
1614,-322.40425138080315,365
1615,-221.49234561734562,196
1616,-320.8638715859305,323
1617,-289.8807575162905,462
1618,-296.2984432234432,459
1619,-261.30759988205807,237
1620,-248.56396665246777,242
1621,-320.73673076923075,330
1622,-443.0439327012857,236
1623,-188.30704783567688,360
1624,-252.07794852206615,215
1625,-352.1269841269842,294
1626,-255.31076303907372,409
1627,-505.7725696525697,447
1628,-299.4223177605427,422
1629,-194.26739704094356,298
1630,-355.8211601307189,215
1631,-215.2615807567046,331
1632,-284.08463684738786,429
1633,-242.53185513317092,427
1634,-179.95557800043096,535
1635,-190.6941426864097,368
1636,-280.0037354312355,431
1637,-364.17126077590973,244
1638,-471.0788448393712,225
1639,-345.848724436011,427
1640,-279.4353218641262,365
1641,-320.33178458967933,318
1642,-245.98895273477044,461
1643,-308.7331579158068,425
1644,-195.3505373493381,430
1645,-313.7394984644985,280
1646,-239.8636904761905,227
1647,-280.79503244109003,601
1648,-199.0186188651706,302
1649,-280.5445090856855,348
1650,-312.8272350837568,265
1651,-258.9705311355312,335
1652,-262.74570672471884,493
1653,-125.79657983009331,553
1654,-259.47079652373765,277
1655,-222.30466684929394,567
1656,-319.03857741120066,564
1657,-311.5083583010557,492
1658,-254.58712232756346,292
1659,-409.41106421356415,495
1660,-305.49513293723817,176
1661,-396.2685606060606,222
1662,-281.3648480174796,275
1663,-231.61800348344468,330
1664,-288.4043355018965,213
1665,-232.1565133294212,588
1666,-205.27547188681254,394
1667,-291.4094371663866,480
1668,-222.86701252179193,467
1669,-327.29996563464056,381
1670,-286.36035994785993,381
1671,-315.10951710083293,470
1672,-321.3572984806731,242
1673,-431.9860594729194,342
1674,-231.1284688436778,453
1675,-394.1558080808081,293
1676,-407.6973622782445,220
1677,-219.10706946310384,314
1678,-177.58874263370114,595
1679,-356.3507590235851,282
1680,-507.2811942959001,263
1681,-373.2796494355317,228
1682,-523.0742804866796,676
1683,-212.97521159610946,391
1684,-397.4211894586894,304
1685,-330.3231061014149,261
1686,-192.41363300442538,482
1687,-332.02696300988987,228
1688,-306.6503682911291,412
1689,-367.16917804417807,402
1690,-280.10417817022704,439
1691,-249.6962206094559,417
1692,-306.9345476000964,411
1693,-234.34658093756616,397
1694,-334.36189979611044,251
1695,-410.24076863510595,474
1696,-308.229955615226,374
1697,-312.2942462207555,529
1698,-252.14597950153973,313
1699,-332.7811355311355,324
1700,-272.5869753053964,302
1701,-349.99680979994065,299
1702,-291.0677614052614,401
1703,-348.4680949511445,324
1704,-297.2584884156091,307
1705,-234.1352079293256,202
1706,-246.26990012911065,295
1707,-235.02339392633513,283
1708,-314.8866161616162,325
1709,-309.9729889369242,352
1710,-231.4033946445711,201
1711,-463.48097684548156,341
1712,-309.78296628996435,293
1713,-253.04681630888163,308
1714,-258.5635191877839,438
1715,-215.2453804966963,269
1716,-367.1648268398269,230
1717,-316.59064836765066,244
1718,-227.77702158952158,368
1719,-238.99193132506264,458
1720,-364.6851797426336,364
1721,-389.4402356902356,396
1722,-326.8433477642069,244
1723,-287.86143092012657,406
1724,-311.9256673881674,374
1725,-421.62032791769633,332
1726,-294.3871339444869,221
1727,-279.421141838529,412
1728,-295.3196428571428,257
1729,-344.73633143172617,270
1730,-290.0152569169961,192
1731,-463.6785714285715,159
1732,-364.8849900099899,260
1733,-315.1174445695343,219
1734,-491.6286375389316,329
1735,-274.6560191442544,400
1736,-367.8664133656068,275
1737,-232.82147754206582,283
1738,-239.00840498682606,295
1739,-216.69506937364994,487
1740,-264.59324940460823,346
1741,-215.11211603711607,307
1742,-332.0215329991646,291
1743,-356.0479604502824,439
1744,-238.29553910142147,272
1745,-276.4236473536783,321
1746,-192.33020078986578,312
1747,-181.67896182315422,365
1748,-256.53882338421806,380
1749,-344.548729701671,350
1750,-227.2679422744438,360
1751,-317.5188788335847,182
1752,-220.70297275823592,264
1753,-286.0407875749981,268
1754,-264.3278618014552,356
1755,-239.29923536608322,180
1756,-207.48987483105125,202
1757,-178.44662995479365,531
1758,-324.0661941816354,249
1759,-249.9726659305607,390
1760,-197.84513135643166,331
1761,-392.39453432872034,430
1762,-499.98177072962625,353
1763,-329.2112849568732,323
1764,-157.16652647827095,669
1765,-307.21794871794884,193
1766,-396.03306926500204,369
1767,-293.6470973470973,328
1768,-219.1377569830091,641
1769,-228.15035882806455,456
1770,-377.14512293262294,203
1771,-357.1555888555888,304
1772,-277.0963050838051,302
1773,-197.07911652144384,398
1774,-289.35116174675,312
1775,-236.98173223834985,442
1776,-437.57495539058834,350
1777,-349.29506392300505,293
1778,-223.59858255779307,562
1779,-290.1090131059171,292
1780,-258.55600926850934,236
1781,-269.4406066156066,408
1782,-290.5830758473226,258
1783,-442.0958490181316,238
1784,-468.10898289121974,410
1785,-201.5042100600924,386
1786,-144.13203998041035,486
1787,-322.8123196248196,248
1788,-361.6714133876672,419
1789,-387.085064935065,284
1790,-212.84217023398054,341
1791,-224.04307359307361,260
1792,-363.32173088349555,280
1793,-192.77563886372025,293
1794,-262.67623595271107,356
1795,-205.91561532149768,323
1796,-302.0576063599284,374
1797,-260.54863310808435,414
1798,-231.77273056750616,225
1799,-241.26739745634487,373
1800,-240.51714119214117,244
1801,-248.019615202479,373
1802,-168.4557942217117,479
1803,-241.60565789265112,420
1804,-185.29020886066417,390
1805,-265.26426713383233,289
1806,-268.3889111705288,283
1807,-280.3991910866911,280
1808,-320.76060116354233,174
1809,-243.6949534764753,245
1810,-350.49762766532547,279
1811,-305.360928320046,272
1812,-377.38544927294936,327
1813,-296.0844578749618,464
1814,-393.057980255039,364
1815,-400.87822732822735,154
1816,-316.4191827780063,171
1817,-315.9759480285796,412
1818,-181.26924632556987,419
1819,-238.40513877820385,426
1820,-247.24643493761138,369
1821,-285.0018085986977,322
1822,-251.98949902221963,385
1823,-371.4579004116089,310
1824,-328.3216311194252,423
1825,-427.24587079587087,217
1826,-231.096177424938,423
1827,-238.45639693639694,505
1828,-107.46553648318437,679
1829,-379.9425451998982,221
1830,-373.156933870727,312
1831,-250.06873548611628,478
1832,-275.18218009588975,193
1833,-360.9314796314795,175
1834,-412.93358021205853,393
1835,-236.77005347593587,337
1836,-318.98883747831115,312
1837,-281.9612978524743,212
1838,-286.82702991452993,222
1839,-388.22071447340903,391
1840,-239.56591931460355,168
1841,-296.99481516290723,193
1842,-318.45067827530454,251
1843,-224.3584235209235,293
1844,-168.499933390595,292
1845,-276.5148632903044,411
1846,-227.28426850926851,299
1847,-309.94196151071156,285
1848,-287.08301282051286,279
1849,-347.1647366522366,188
1850,-271.369821068548,642
1851,-334.3622684079206,200
1852,-294.87606643639015,598
1853,-248.83968253968257,234
1854,-252.81047814930167,303
1855,-258.7525267603055,445
1856,-289.4750258513416,222
1857,-223.4884174456316,358
1858,-343.84886381539604,300
1859,-226.57517221340748,387
1860,-240.54333021985153,393
1861,-262.23451336675015,410
1862,-232.86559339525283,387
1863,-331.9416028416029,373
1864,-300.27196093380303,242
1865,-249.83524454991172,332
1866,-297.7194656650539,342
1867,-245.51462043095677,306
1868,-214.5986885663356,435
1869,-272.1193736818737,377
1870,-310.9805980569139,266
1871,-248.7931255878624,226
1872,-257.0648668633242,384
1873,-323.94392040707834,218
1874,-206.0277927438918,344
1875,-259.22116393268567,537
1876,-263.3735811574047,343
1877,-343.95289754105545,279
1878,-280.30064192343605,159
1879,-328.18483544933116,418
1880,-365.06878554452084,236
1881,-322.78355394167994,462
1882,-200.51676568688765,337
1883,-328.7641690009337,311
1884,-234.8029907566772,444
1885,-366.69464285714287,419
1886,-305.2243257204575,319
1887,-314.0063915251415,402
1888,-231.68541891115424,272
1889,-369.69219897749315,222
1890,-211.14280350497452,407
1891,-447.20498047703927,460
1892,-284.54548543776485,303
1893,-376.6029546129525,370
1894,-286.28805971430717,473
1895,-311.58862433862436,299
1896,-376.11882047690875,278
1897,-296.2307148695751,361
1898,-389.1011544011545,209
1899,-321.1538050232709,355
1900,-289.2723096348097,279
1901,-267.08188951571304,221
1902,-292.2499310076896,260
1903,-225.49163255475176,325
1904,-271.91323953823957,254
1905,-280.01615223856606,193
1906,-245.16919476722111,218
1907,-333.4630685985722,413
1908,-223.34446922358688,212
1909,-350.0812871682841,280
1910,-166.75934421171158,423
1911,-277.87626407819914,397
1912,-211.78353780722202,308
1913,-250.32780884574362,301
1914,-329.00543900543903,373
1915,-237.8098708481061,442
1916,-257.7887085137085,351
1917,-244.9260891842935,448
1918,-461.1392399267399,211
1919,-281.29206170728,319
1920,-228.26334372093558,491
1921,-464.1862470862471,168
1922,-263.8124531059844,312
1923,-476.88455988455985,393
1924,-241.87542005096356,304
1925,-203.19411045943306,361
1926,-352.996225098431,255
1927,-220.80184132388084,374
1928,-366.95920862762966,284
1929,-248.32211540581662,277
1930,-316.28546777296776,375
1931,-347.0231481481482,386
1932,-155.29750634516463,373
1933,-415.75016613503453,273
1934,-236.91718888870764,274
1935,-277.49739750445633,182
1936,-358.3024717024717,179
1937,-339.09772403171354,509
1938,-248.9273182957394,391
1939,-310.58518426018423,359
1940,-157.14774050779837,387
1941,-288.1427435137961,286
1942,-235.96575826766454,553
1943,-416.5069788927547,361
1944,-236.36798088392518,290
1945,-318.6409368409369,268
1946,-427.67543760587245,318
1947,-193.42648976840155,328
1948,-273.9057385425033,316
1949,-309.7476301476301,264
1950,-311.39519508658475,502
1951,-289.5879426129426,347
1952,-296.70615554036596,233
1953,-486.28099320270377,493
1954,-359.71677859177856,255
1955,-281.4200500522869,422
1956,-468.70371222979924,363
1957,-221.05205627705627,256
1958,-205.45413000925907,465
1959,-324.8844905094904,285
1960,-298.4310008990501,312
1961,-289.9326901740518,373
1962,-368.88300653594763,264
1963,-203.517191795133,375
1964,-199.92102017072546,556
1965,-418.26030219780216,251
1966,-285.18451648755445,240
1967,-271.45762144003476,350
1968,-295.3465381840382,268
1969,-269.46770647653,241
1970,-249.80256969270548,583
1971,-224.11614774114776,275
1972,-234.59680384974502,498
1973,-309.0127362541539,426
1974,-234.98337662337656,261
1975,-268.0848950997403,314
1976,-388.7632663088546,275
1977,-325.90659340659346,299
1978,-265.4192833224567,456
1979,-306.0539144933167,297
1980,-273.9601147734275,295
1981,-352.30206766917297,323
1982,-333.69464817763685,433
1983,-248.18438572297268,321
1984,-260.1069444444444,235
1985,-262.64733964443167,378
1986,-498.5587395631986,288
1987,-209.3615276879983,402
1988,-292.32341269841265,295
1989,-278.7275468557727,362
1990,-305.16637061998284,517
1991,-174.03249351352798,283
1992,-262.8744533247018,495
1993,-348.7064393939394,260
1994,-324.94027084027084,221
1995,-440.82121001031993,377
1996,-292.06468990779337,308
1997,-350.4661727660977,419
1998,-258.28229732084225,294
1999,-331.57459833431705,394
2000,-309.3126487117973,278
2001,-344.68263292263305,306
2002,-268.399770164476,255
2003,-274.40092277004044,341
2004,-297.6944347319347,271
2005,-337.0803809729643,306
2006,-294.44286221025357,232
2007,-252.55142113003959,523
2008,-284.8386067861678,290
2009,-379.8194030224518,267
2010,-311.73841191090116,291
2011,-333.1671685504038,395
2012,-301.18688296997124,230
2013,-372.0771342383107,385
2014,-262.5329891513715,289
2015,-237.08055439979748,569
2016,-265.92911060462546,306
2017,-388.47705861360106,362
2018,-371.0165140415141,181
2019,-285.36986588574825,436
2020,-307.8834054834055,303
2021,-407.4635634896505,315
2022,-352.1604691604692,415
2023,-426.80694893341956,345
2024,-240.64483780234687,330
2025,-242.91068180357658,304
2026,-293.178058053058,180
2027,-340.7960678210678,229
2028,-318.33781451425284,422
2029,-171.54122169437449,339
2030,-360.8272366522367,331
2031,-401.9163462354639,414
2032,-289.98089168895626,209
2033,-253.75079526806104,260
2034,-344.9282937899588,298
2035,-305.5188106529487,517
2036,-261.5284049284049,430
2037,-219.60559478103593,341
2038,-358.11338667386207,444
2039,-254.30785796978745,326
2040,-221.2820298842908,469
2041,-283.21256707608677,396
2042,-264.4272713918669,370
2043,-303.47875837612673,301
2044,-321.36153194337777,226
2045,-242.5529011154011,350
2046,-405.11252407723,394
2047,-376.46563823603304,344
2048,-317.7186061764323,293
2049,-293.57825630252097,386
2050,-288.4228758169934,254
2051,-272.67414103983873,212
2052,-134.31872427756787,465
2053,-299.9213603801962,354
2054,-311.66823829765,250
2055,-324.87796759054504,273
2056,-205.55452189559742,258
2057,-307.44680735930734,426
2058,-253.08023764161533,263
2059,-236.820949153186,305
2060,-258.8649417249418,290
2061,-307.9251331044435,242
2062,-264.14326415556593,397
2063,-261.245754402054,537
2064,-523.6725563909773,206
2065,-438.8590803932909,261
2066,-321.6675204425204,230
2067,-363.97006455935684,300
2068,-324.6513149912592,360
2069,-158.47553319152738,362
2070,-284.3721758447502,458
2071,-210.19058001086847,391
2072,-253.87536020742544,385
2073,-288.720671761189,163
2074,-321.77797982069075,335
2075,-472.32529507529506,239
2076,-352.66973696593266,330
2077,-349.0728521770627,269
2078,-333.1141690009337,199
2079,-420.326214428846,233
2080,-206.94319831355432,211
2081,-262.9976908325592,336
2082,-292.2597060619119,340
2083,-423.2927729133612,326
2084,-314.3588860266945,355
2085,-275.81785084833865,317
2086,-452.23581458101575,303
2087,-298.35959744446586,304
2088,-202.31204954316408,270
2089,-191.3959698674916,472
2090,-189.75652218700074,376
2091,-399.2468996689586,212
2092,-305.99139610389614,233
2093,-433.5859104150624,442
2094,-486.1951680672269,302
2095,-340.0885785730189,415
2096,-311.4817446611311,290
2097,-253.98383731216205,412
2098,-208.36781181781174,343
2099,-239.40533222059577,420
2100,-564.3814783326932,230
2101,-473.2328172177962,384
2102,-350.60812175812185,334
2103,-433.36066946693546,263
2104,-341.103648233487,358
2105,-342.1311104068827,332
2106,-271.7047438672439,318
2107,-226.8841089466089,252
2108,-310.78561066126855,294
2109,-283.0415440557527,551
2110,-404.0577467853785,331
2111,-401.26771284271285,347
2112,-248.4424082318819,248
2113,-276.1346800258566,227
2114,-293.1742629321897,277
2115,-265.2238104051026,480
2116,-373.1628446115289,255
2117,-430.6796255551878,232
2118,-286.2735542235542,279
2119,-229.0788356251592,260
2120,-476.91178770060355,274
2121,-134.87132321460052,662
2122,-252.76213779248943,357
2123,-252.53848915538677,454
2124,-268.4189358984491,271
2125,-419.70055078575535,398
2126,-342.1152519049578,262
2127,-423.32727839419516,396
2128,-296.15506854256853,232
2129,-370.6364842673666,260
2130,-294.16827339327335,229
2131,-518.0158344106875,381
2132,-399.1772449042186,450
2133,-285.7575637325637,254
2134,-398.571000404824,407
2135,-206.45205041135952,340
2136,-377.9202809628183,338
2137,-426.1658363993729,326
2138,-276.48570907841156,404
2139,-257.73165584415585,256
2140,-281.68049636433136,371
2141,-280.31052966641204,319
2142,-187.1034396733931,357
2143,-319.3607770239737,296
2144,-316.1656518399753,317
2145,-238.28295782080946,536
2146,-209.15024098708312,351
2147,-310.5790350430443,291
2148,-357.9493500460892,251
2149,-210.9428182436359,394
2150,-404.4727106227107,149
2151,-345.68435168435167,255
2152,-344.1978296737176,363
2153,-319.6651456409756,368
2154,-347.2299880674881,350
2155,-262.8878368453311,322
2156,-236.12037668214137,267
2157,-337.1298063048062,289
2158,-230.94870176692936,460
2159,-367.19183964183964,269
2160,-265.3154390295695,221
2161,-398.44861266184796,193
2162,-232.17018417128537,358
2163,-162.05137925799687,354
2164,-488.7269341769342,316
2165,-268.91723184223184,309
2166,-335.0122780601041,178
2167,-382.0796220356704,323
2168,-372.0344531285707,362
2169,-359.64490493166966,336
2170,-479.4673011154741,255
2171,-336.5224201724202,338
2172,-242.0902795347068,314
2173,-192.6861888111888,493
2174,-525.0766743096347,323
2175,-253.33303032921907,230
2176,-247.70981379731384,313
2177,-406.42441741265264,210
2178,-253.61656313887346,244
2179,-307.4840688444347,335
2180,-172.52456691560278,365
2181,-253.5199943954042,409
2182,-243.07716736475703,340
2183,-377.1771645021645,261
2184,-366.24393900217433,287
2185,-272.0668401587519,301
2186,-268.1804361314418,284
2187,-285.88523282273286,205
2188,-210.33181432941157,407
2189,-343.69987403703374,246
2190,-266.7578529657477,261
2191,-225.37401828223253,396
2192,-371.58771671837707,357
2193,-348.69569319569325,350
2194,-249.335556948025,349
2195,-376.0677191281372,424
2196,-240.5411765522059,261
2197,-362.56623376623384,162
2198,-268.02402400231347,339
2199,-321.3040584415584,341
2200,-435.1178989225429,267
2201,-328.0213179936006,229
2202,-232.15836367306957,372
2203,-494.176319586846,452
2204,-388.87360694860695,229
2205,-342.11306372838624,292
2206,-388.10398647601335,260
2207,-397.75436507936513,331
2208,-338.3313132945486,214
2209,-280.66190476190474,225
2210,-314.1206977180997,416
2211,-574.1455289155289,323
2212,-394.1774162744277,382
2213,-321.4923663979699,306
2214,-336.03234126984125,260
2215,-240.1408442729234,319
2216,-316.87921961079854,258
2217,-282.88385691796736,539
2218,-312.81297672915326,297
2219,-318.1347208347208,271
2220,-185.13294034738632,405
2221,-372.9654738779738,331
2222,-370.2796931053123,272
2223,-270.46494048830795,340
2224,-266.6477869388315,490
2225,-307.3712215892422,458
2226,-335.2923473456368,241
2227,-379.271626984127,149
2228,-263.7985028645245,288
2229,-348.87474192474195,224
2230,-264.94723172536465,396
2231,-462.4074806772175,294
2232,-393.2458089296325,236
2233,-336.294686453897,306
2234,-470.3701807995925,183
2235,-245.8487749178925,227
2236,-361.9907925407926,285
2237,-214.55950577200576,435
2238,-255.89740305274358,288
2239,-266.9333047069889,371
2240,-288.126181360351,486
2241,-299.94612088607096,309
2242,-289.2291221850045,352
2243,-316.150455100455,519
2244,-415.9951871657754,172
2245,-330.95117243867236,289
2246,-370.4197191697192,267
2247,-455.95929970442353,282
2248,-330.49882839382843,138
2249,-342.3014652014652,287
2250,-345.59805194805193,183
2251,-292.96513943557954,387
2252,-282.4366123896443,409
2253,-345.3217490842491,318
2254,-213.56300761250546,323
2255,-321.10367965367965,215
2256,-371.3896398046398,259
2257,-449.29103958477026,310
2258,-300.83940242763776,320
2259,-466.0704813555168,202
2260,-453.49662850049845,322
2261,-259.00623567608864,316
2262,-397.2885087378509,627
2263,-249.877792799601,295
2264,-315.1113934912697,343
2265,-316.9511810944473,231
2266,-408.17164338929047,258
2267,-422.7081649533263,271
2268,-273.56253607503606,304
2269,-366.85827599155607,257
2270,-226.12310208066788,392
2271,-230.80194667068065,308
2272,-399.67462671831095,194
2273,-194.4157977987299,395
2274,-177.81594761092842,327
2275,-561.7176892766677,508
2276,-219.12982156732159,293
2277,-373.7094944529155,276
2278,-283.3562239302329,362
2279,-374.20987845487844,294
2280,-310.29191421323776,212
2281,-453.7324646499848,463
2282,-265.0053106980738,431
2283,-356.35948184282654,207
2284,-211.73076725905676,215
2285,-471.900758963259,360
2286,-331.11428571428576,245
2287,-280.3229876729876,270
2288,-558.9734012633393,220
2289,-250.86600008178954,317
2290,-337.57193365629905,267
2291,-288.5772132410596,513
2292,-307.32551060051065,354
2293,-283.819062555092,474
2294,-262.76716616716624,266
2295,-265.932512455392,515
2296,-277.5255661005661,271
2297,-379.14032390362314,516
2298,-273.8702411623464,257
2299,-258.4894770069112,348
2300,-387.7872141747141,284
2301,-274.8930567841171,339
2302,-238.91722761741735,293
2303,-241.4085277522437,398
2304,-244.41270031138455,245
2305,-265.2381826506826,241
2306,-266.5751327889339,594
2307,-277.6375,236
2308,-264.261827388298,309
2309,-259.1193655003999,254
2310,-297.72212426041506,252
2311,-339.11168749551103,413
2312,-304.76580445869917,433
2313,-386.729915381889,318
2314,-229.7813284303416,504
2315,-342.7738455988455,203
2316,-262.5709587797823,263
2317,-281.154917027417,404
2318,-203.13807875131405,277
2319,-454.13933187322374,446
2320,-262.1413499060558,344
2321,-369.7519619269619,240
2322,-295.3462842712842,381
2323,-327.2199078699078,239
2324,-273.1748378015174,466
2325,-328.2025592055004,247
2326,-300.1695723394253,440
2327,-270.416569704805,220
2328,-351.88271265771266,197
2329,-184.06782176579335,531
2330,-302.5883292633293,521
2331,-281.2670634920635,331
2332,-172.12822900353862,290
2333,-374.7399278499279,231
2334,-195.64057103027693,439
2335,-241.43141157744526,567
2336,-361.83500557413606,393
2337,-289.04906981349603,395
2338,-210.7763755851991,259
2339,-295.58636363636367,204
2340,-269.427732458581,551
2341,-294.8932201785143,245
2342,-333.21195744522817,460
2343,-249.25142223368027,369
2344,-506.0727649162432,299
2345,-434.0914224664225,267
2346,-203.01012047095264,346
2347,-391.0730955319191,351
2348,-238.36360028860025,217
2349,-258.30276068960285,330
2350,-245.8268074031232,245
2351,-392.3480302635101,277
2352,-362.2062143996355,548
2353,-422.3151459651459,141
2354,-311.90751748251745,287
2355,-298.8603647696389,292
2356,-308.7704073704074,277
2357,-349.907751765143,304
2358,-351.9799837287133,374
2359,-395.84350094350094,249
2360,-182.22001384236677,364
2361,-188.36442266196136,320
2362,-236.25207441681124,196
2363,-306.80941938178785,272
2364,-324.7574401443967,240
2365,-239.6878244139114,302
2366,-307.4722622316619,435
2367,-274.0524472307081,403
2368,-351.5371416897279,243
2369,-491.4581168831169,156
2370,-206.79404850965886,411
2371,-334.9101276742581,337
2372,-359.7702817650186,211
2373,-422.70838534071294,317
2374,-216.33980691949796,313
2375,-386.77812837847716,410
2376,-449.36899258988643,279
2377,-254.83058722323432,323
2378,-356.78360547834234,332
2379,-322.9085025547782,404
2380,-335.2116421057515,335
2381,-301.9632034632035,223
2382,-254.1357669417203,458
2383,-268.98745143745145,317
2384,-340.89124408384043,264
2385,-327.2816866353311,475
2386,-329.3917446588499,186
2387,-311.08754314141316,351
2388,-327.5535714285715,213
2389,-344.82721788015897,359
2390,-345.68909963159194,236
2391,-232.61192347253566,373
2392,-320.1518939393939,165
2393,-268.0034522929644,650
2394,-269.1331435863085,262
2395,-231.85951744334096,218
2396,-208.6498671765724,443
2397,-339.24495381055726,300
2398,-332.45820845820845,197
2399,-334.1729561859996,291
2400,-257.1593853290784,365
2401,-271.3265612158514,299
2402,-214.63366237019483,339
2403,-299.38343640750816,427
2404,-212.1451460734387,353
2405,-325.38223443223444,233
2406,-251.72986874236878,167
2407,-408.2149125833908,451
2408,-178.1856759081991,382
2409,-288.9797112473583,239
2410,-180.1053756185335,326
2411,-301.59326000510214,309
2412,-490.5682539682539,283
2413,-338.80090382441773,363
2414,-295.81103074527226,377
2415,-325.08690476190475,233
2416,-295.4031074061967,219
2417,-405.09355387252396,302
2418,-364.69071374353786,328
2419,-304.6403424592596,522
2420,-236.5225295129707,431
2421,-217.65665003855793,286
2422,-576.2252962723552,253
2423,-397.6264430462011,437
2424,-363.7975618825619,254
2425,-337.4208818958819,167
2426,-213.0214896214896,375
2427,-196.27579294662775,397
2428,-441.6767973912497,260
2429,-347.80109739227385,393
2430,-288.9662085299894,382
2431,-238.54656120023765,354
2432,-229.87806277942664,519
2433,-406.2049034299034,301
2434,-417.06625180375175,321
2435,-235.31803400847517,189
2436,-470.9026785950548,320
2437,-283.57564500716677,290
2438,-423.80941280941283,296
2439,-366.38458960460184,337
2440,-210.6863455988456,304
2441,-247.73402166575545,348
2442,-454.5311605061605,208
2443,-364.5099397500232,414
2444,-179.96940314587374,431
2445,-255.01563310561735,355
2446,-213.47291747150715,374
2447,-319.1662243299543,258
2448,-242.96083563424355,467
2449,-404.3044369029663,275
2450,-317.4277597402597,347
2451,-204.61455838223085,516
2452,-279.5768404797817,302
2453,-303.41478129713425,201
2454,-281.8517174854131,212
2455,-304.3454001773769,326
2456,-131.84170425932135,406
2457,-323.1610226427029,357
2458,-259.8363365539452,316
2459,-311.1889041514042,361
2460,-260.3018956611984,323
2461,-343.11759964173757,333
2462,-203.45389662672275,441
2463,-224.01439738881686,266
2464,-175.0547800308759,242
2465,-227.31785620468284,333
2466,-257.8251853538618,292
2467,-400.6011809827599,312
2468,-360.92416741754977,325
2469,-272.39116628469566,288
2470,-191.69066366639896,328
2471,-390.3944710844711,485
2472,-243.79046983482468,398
2473,-158.6497112198349,602
2474,-266.7664775283197,292
2475,-306.8122064941725,370
2476,-365.1948655103067,220
2477,-285.31093461496687,298
2478,-303.88107725607733,442
2479,-414.6406223388672,221
2480,-234.14915151481864,437
2481,-359.2060514648749,239
2482,-233.48249256490635,450
2483,-372.79625397885866,412
2484,-285.8908313908314,239
2485,-237.11660248935792,490
2486,-220.09343997248027,282
2487,-153.8057591123686,622
2488,-198.2460556920174,391
2489,-308.1062563962847,373
2490,-390.74398448773456,468
2491,-271.12417185095535,334
2492,-444.1863445378151,211
2493,-178.77310455626244,313
2494,-250.28963032581456,290
2495,-267.065087281999,218
2496,-293.4812049062048,267
2497,-530.077439880381,254
2498,-306.8035767500473,315
2499,-226.96761294261293,212
2500,-311.49994900218013,263
2501,-275.58114385614385,311
2502,-288.8274006986667,413
2503,-307.6329736440031,198
2504,-342.51185758685756,278
2505,-274.6159755449229,246
2506,-446.33966855078353,282
2507,-328.64353775660385,372
2508,-245.39929731039058,370
2509,-211.6374092281987,394
2510,-220.8155865021594,290
2511,-336.3163503163503,209
2512,-282.6411782661783,222
2513,-450.5458706168384,240
2514,-395.37618120183913,261
2515,-311.56392496392493,298
2516,-347.0366529304029,321
2517,-334.66310501116,371
2518,-194.50095615169147,256
2519,-302.2987286659701,306
2520,-335.06218893513517,363
2521,-265.1896312751576,247
2522,-324.2055771357439,228
2523,-281.0508241872794,449
2524,-163.53477899324764,376
2525,-303.71389305139303,210
2526,-337.5605063237416,258
2527,-257.16404355456075,263
2528,-457.13268398268406,309
